date,exists,filename,version,revision,n_lpw_l2_files,status
2014-10-01,no,,,,0,no_mrgscpot
2014-10-02,no,,,,0,no_mrgscpot
2014-10-03,no,,,,0,no_mrgscpot
2014-10-04,no,,,,0,no_mrgscpot
2014-10-05,no,,,,0,no_mrgscpot
2014-10-06,no,,,,0,no_mrgscpot
2014-10-07,no,,,,0,no_mrgscpot
2014-10-08,no,,,,0,no_mrgscpot
2014-10-09,no,,,,0,no_mrgscpot
2014-10-10,no,,,,0,no_mrgscpot
2014-10-11,no,,,,3,no_mrgscpot
2014-10-12,yes,mvn_lpw_l2_mrgscpot_20141012_v02_r02.cdf,2,2,9,ok
2014-10-13,yes,mvn_lpw_l2_mrgscpot_20141013_v02_r02.cdf,2,2,9,ok
2014-10-14,yes,mvn_lpw_l2_mrgscpot_20141014_v02_r03.cdf,2,3,9,ok
2014-10-15,yes,mvn_lpw_l2_mrgscpot_20141015_v02_r02.cdf,2,2,9,ok
2014-10-16,yes,mvn_lpw_l2_mrgscpot_20141016_v02_r02.cdf,2,2,9,ok
2014-10-17,yes,mvn_lpw_l2_mrgscpot_20141017_v02_r02.cdf,2,2,9,ok
2014-10-18,yes,mvn_lpw_l2_mrgscpot_20141018_v02_r02.cdf,2,2,9,ok
2014-10-19,yes,mvn_lpw_l2_mrgscpot_20141019_v02_r01.cdf,2,1,9,ok
2014-10-20,yes,mvn_lpw_l2_mrgscpot_20141020_v02_r02.cdf,2,2,9,ok
2014-10-21,yes,mvn_lpw_l2_mrgscpot_20141021_v02_r02.cdf,2,2,9,ok
2014-10-22,yes,mvn_lpw_l2_mrgscpot_20141022_v02_r02.cdf,2,2,9,ok
2014-10-23,yes,mvn_lpw_l2_mrgscpot_20141023_v02_r02.cdf,2,2,9,ok
2014-10-24,yes,mvn_lpw_l2_mrgscpot_20141024_v02_r02.cdf,2,2,9,ok
2014-10-25,yes,mvn_lpw_l2_mrgscpot_20141025_v02_r02.cdf,2,2,9,ok
2014-10-26,no,,,,0,no_mrgscpot
2014-10-27,no,,,,0,no_mrgscpot
2014-10-28,no,,,,0,no_mrgscpot
2014-10-29,yes,mvn_lpw_l2_mrgscpot_20141029_v02_r02.cdf,2,2,9,ok
2014-10-30,yes,mvn_lpw_l2_mrgscpot_20141030_v02_r02.cdf,2,2,9,ok
2014-10-31,yes,mvn_lpw_l2_mrgscpot_20141031_v02_r02.cdf,2,2,9,ok
2014-11-01,yes,mvn_lpw_l2_mrgscpot_20141101_v02_r02.cdf,2,2,9,ok
2014-11-02,yes,mvn_lpw_l2_mrgscpot_20141102_v02_r02.cdf,2,2,9,ok
2014-11-03,yes,mvn_lpw_l2_mrgscpot_20141103_v02_r02.cdf,2,2,9,ok
2014-11-04,yes,mvn_lpw_l2_mrgscpot_20141104_v02_r02.cdf,2,2,9,ok
2014-11-05,yes,mvn_lpw_l2_mrgscpot_20141105_v02_r02.cdf,2,2,9,ok
2014-11-06,yes,mvn_lpw_l2_mrgscpot_20141106_v02_r02.cdf,2,2,9,ok
2014-11-07,yes,mvn_lpw_l2_mrgscpot_20141107_v02_r02.cdf,2,2,9,ok
2014-11-08,yes,mvn_lpw_l2_mrgscpot_20141108_v02_r02.cdf,2,2,9,ok
2014-11-09,yes,mvn_lpw_l2_mrgscpot_20141109_v02_r02.cdf,2,2,9,ok
2014-11-10,yes,mvn_lpw_l2_mrgscpot_20141110_v02_r02.cdf,2,2,9,ok
2014-11-11,yes,mvn_lpw_l2_mrgscpot_20141111_v02_r02.cdf,2,2,9,ok
2014-11-12,yes,mvn_lpw_l2_mrgscpot_20141112_v02_r02.cdf,2,2,9,ok
2014-11-13,yes,mvn_lpw_l2_mrgscpot_20141113_v02_r01.cdf,2,1,8,ok
2014-11-14,yes,mvn_lpw_l2_mrgscpot_20141114_v02_r02.cdf,2,2,8,ok
2014-11-15,yes,mvn_lpw_l2_mrgscpot_20141115_v02_r01.cdf,2,1,8,ok
2014-11-16,yes,mvn_lpw_l2_mrgscpot_20141116_v02_r01.cdf,2,1,8,ok
2014-11-17,yes,mvn_lpw_l2_mrgscpot_20141117_v02_r02.cdf,2,2,8,ok
2014-11-18,yes,mvn_lpw_l2_mrgscpot_20141118_v02_r02.cdf,2,2,8,ok
2014-11-19,yes,mvn_lpw_l2_mrgscpot_20141119_v02_r02.cdf,2,2,8,ok
2014-11-20,no,,,,0,no_mrgscpot
2014-11-21,no,,,,0,no_mrgscpot
2014-11-22,no,,,,0,no_mrgscpot
2014-11-23,no,,,,0,no_mrgscpot
2014-11-24,no,,,,0,no_mrgscpot
2014-11-25,no,,,,0,no_mrgscpot
2014-11-26,no,,,,0,no_mrgscpot
2014-11-27,yes,mvn_lpw_l2_mrgscpot_20141127_v02_r02.cdf,2,2,6,ok
2014-11-28,yes,mvn_lpw_l2_mrgscpot_20141128_v02_r02.cdf,2,2,6,ok
2014-11-29,yes,mvn_lpw_l2_mrgscpot_20141129_v02_r02.cdf,2,2,6,ok
2014-11-30,yes,mvn_lpw_l2_mrgscpot_20141130_v02_r02.cdf,2,2,9,ok
2014-12-01,yes,mvn_lpw_l2_mrgscpot_20141201_v02_r03.cdf,2,3,9,ok
2014-12-02,yes,mvn_lpw_l2_mrgscpot_20141202_v02_r03.cdf,2,3,9,ok
2014-12-03,yes,mvn_lpw_l2_mrgscpot_20141203_v02_r03.cdf,2,3,9,ok
2014-12-04,yes,mvn_lpw_l2_mrgscpot_20141204_v02_r03.cdf,2,3,9,ok
2014-12-05,yes,mvn_lpw_l2_mrgscpot_20141205_v02_r03.cdf,2,3,9,ok
2014-12-06,yes,mvn_lpw_l2_mrgscpot_20141206_v02_r03.cdf,2,3,9,ok
2014-12-07,yes,mvn_lpw_l2_mrgscpot_20141207_v02_r03.cdf,2,3,9,ok
2014-12-08,yes,mvn_lpw_l2_mrgscpot_20141208_v02_r03.cdf,2,3,9,ok
2014-12-09,yes,mvn_lpw_l2_mrgscpot_20141209_v02_r03.cdf,2,3,9,ok
2014-12-10,yes,mvn_lpw_l2_mrgscpot_20141210_v02_r03.cdf,2,3,9,ok
2014-12-11,yes,mvn_lpw_l2_mrgscpot_20141211_v02_r03.cdf,2,3,8,ok
2014-12-12,yes,mvn_lpw_l2_mrgscpot_20141212_v02_r03.cdf,2,3,8,ok
2014-12-13,yes,mvn_lpw_l2_mrgscpot_20141213_v02_r04.cdf,2,4,8,ok
2014-12-14,yes,mvn_lpw_l2_mrgscpot_20141214_v02_r03.cdf,2,3,8,ok
2014-12-15,yes,mvn_lpw_l2_mrgscpot_20141215_v02_r03.cdf,2,3,8,ok
2014-12-16,yes,mvn_lpw_l2_mrgscpot_20141216_v02_r03.cdf,2,3,9,ok
2014-12-17,yes,mvn_lpw_l2_mrgscpot_20141217_v02_r04.cdf,2,4,9,ok
2014-12-18,yes,mvn_lpw_l2_mrgscpot_20141218_v02_r03.cdf,2,3,9,ok
2014-12-19,yes,mvn_lpw_l2_mrgscpot_20141219_v02_r03.cdf,2,3,9,ok
2014-12-20,yes,mvn_lpw_l2_mrgscpot_20141220_v02_r03.cdf,2,3,9,ok
2014-12-21,yes,mvn_lpw_l2_mrgscpot_20141221_v02_r02.cdf,2,2,10,ok
2014-12-22,yes,mvn_lpw_l2_mrgscpot_20141222_v02_r02.cdf,2,2,10,ok
2014-12-23,yes,mvn_lpw_l2_mrgscpot_20141223_v02_r02.cdf,2,2,10,ok
2014-12-24,yes,mvn_lpw_l2_mrgscpot_20141224_v02_r03.cdf,2,3,10,ok
2014-12-25,yes,mvn_lpw_l2_mrgscpot_20141225_v02_r02.cdf,2,2,10,ok
2014-12-26,yes,mvn_lpw_l2_mrgscpot_20141226_v02_r03.cdf,2,3,10,ok
2014-12-27,yes,mvn_lpw_l2_mrgscpot_20141227_v02_r03.cdf,2,3,10,ok
2014-12-28,yes,mvn_lpw_l2_mrgscpot_20141228_v02_r02.cdf,2,2,10,ok
2014-12-29,yes,mvn_lpw_l2_mrgscpot_20141229_v02_r02.cdf,2,2,10,ok
2014-12-30,yes,mvn_lpw_l2_mrgscpot_20141230_v02_r02.cdf,2,2,10,ok
2014-12-31,yes,mvn_lpw_l2_mrgscpot_20141231_v02_r02.cdf,2,2,10,ok
2015-01-01,yes,mvn_lpw_l2_mrgscpot_20150101_v02_r02.cdf,2,2,10,ok
2015-01-02,yes,mvn_lpw_l2_mrgscpot_20150102_v02_r02.cdf,2,2,10,ok
2015-01-03,yes,mvn_lpw_l2_mrgscpot_20150103_v02_r02.cdf,2,2,10,ok
2015-01-04,yes,mvn_lpw_l2_mrgscpot_20150104_v02_r02.cdf,2,2,10,ok
2015-01-05,yes,mvn_lpw_l2_mrgscpot_20150105_v02_r02.cdf,2,2,10,ok
2015-01-06,yes,mvn_lpw_l2_mrgscpot_20150106_v02_r02.cdf,2,2,10,ok
2015-01-07,yes,mvn_lpw_l2_mrgscpot_20150107_v02_r02.cdf,2,2,10,ok
2015-01-08,yes,mvn_lpw_l2_mrgscpot_20150108_v02_r02.cdf,2,2,10,ok
2015-01-09,yes,mvn_lpw_l2_mrgscpot_20150109_v02_r02.cdf,2,2,10,ok
2015-01-10,yes,mvn_lpw_l2_mrgscpot_20150110_v02_r02.cdf,2,2,10,ok
2015-01-11,yes,mvn_lpw_l2_mrgscpot_20150111_v02_r02.cdf,2,2,10,ok
2015-01-12,yes,mvn_lpw_l2_mrgscpot_20150112_v02_r02.cdf,2,2,10,ok
2015-01-13,yes,mvn_lpw_l2_mrgscpot_20150113_v02_r02.cdf,2,2,10,ok
2015-01-14,yes,mvn_lpw_l2_mrgscpot_20150114_v02_r02.cdf,2,2,10,ok
2015-01-15,yes,mvn_lpw_l2_mrgscpot_20150115_v02_r02.cdf,2,2,10,ok
2015-01-16,yes,mvn_lpw_l2_mrgscpot_20150116_v02_r01.cdf,2,1,10,ok
2015-01-17,yes,mvn_lpw_l2_mrgscpot_20150117_v02_r02.cdf,2,2,10,ok
2015-01-18,yes,mvn_lpw_l2_mrgscpot_20150118_v02_r02.cdf,2,2,7,ok
2015-01-19,yes,mvn_lpw_l2_mrgscpot_20150119_v02_r02.cdf,2,2,7,ok
2015-01-20,yes,mvn_lpw_l2_mrgscpot_20150120_v02_r02.cdf,2,2,7,ok
2015-01-21,yes,mvn_lpw_l2_mrgscpot_20150121_v02_r02.cdf,2,2,7,ok
2015-01-22,yes,mvn_lpw_l2_mrgscpot_20150122_v02_r02.cdf,2,2,7,ok
2015-01-23,yes,mvn_lpw_l2_mrgscpot_20150123_v02_r02.cdf,2,2,7,ok
2015-01-24,yes,mvn_lpw_l2_mrgscpot_20150124_v02_r02.cdf,2,2,10,ok
2015-01-25,yes,mvn_lpw_l2_mrgscpot_20150125_v02_r02.cdf,2,2,10,ok
2015-01-26,yes,mvn_lpw_l2_mrgscpot_20150126_v02_r02.cdf,2,2,10,ok
2015-01-27,yes,mvn_lpw_l2_mrgscpot_20150127_v02_r02.cdf,2,2,10,ok
2015-01-28,yes,mvn_lpw_l2_mrgscpot_20150128_v02_r02.cdf,2,2,10,ok
2015-01-29,yes,mvn_lpw_l2_mrgscpot_20150129_v02_r02.cdf,2,2,10,ok
2015-01-30,yes,mvn_lpw_l2_mrgscpot_20150130_v02_r02.cdf,2,2,10,ok
2015-01-31,yes,mvn_lpw_l2_mrgscpot_20150131_v02_r02.cdf,2,2,7,ok
2015-02-01,yes,mvn_lpw_l2_mrgscpot_20150201_v02_r02.cdf,2,2,10,ok
2015-02-02,yes,mvn_lpw_l2_mrgscpot_20150202_v02_r02.cdf,2,2,7,ok
2015-02-03,yes,mvn_lpw_l2_mrgscpot_20150203_v02_r02.cdf,2,2,7,ok
2015-02-04,yes,mvn_lpw_l2_mrgscpot_20150204_v02_r02.cdf,2,2,7,ok
2015-02-05,yes,mvn_lpw_l2_mrgscpot_20150205_v02_r02.cdf,2,2,10,ok
2015-02-06,yes,mvn_lpw_l2_mrgscpot_20150206_v02_r02.cdf,2,2,10,ok
2015-02-07,yes,mvn_lpw_l2_mrgscpot_20150207_v02_r02.cdf,2,2,10,ok
2015-02-08,yes,mvn_lpw_l2_mrgscpot_20150208_v02_r02.cdf,2,2,10,ok
2015-02-09,yes,mvn_lpw_l2_mrgscpot_20150209_v02_r02.cdf,2,2,10,ok
2015-02-10,yes,mvn_lpw_l2_mrgscpot_20150210_v02_r02.cdf,2,2,10,ok
2015-02-11,yes,mvn_lpw_l2_mrgscpot_20150211_v02_r02.cdf,2,2,10,ok
2015-02-12,yes,mvn_lpw_l2_mrgscpot_20150212_v02_r02.cdf,2,2,10,ok
2015-02-13,yes,mvn_lpw_l2_mrgscpot_20150213_v02_r02.cdf,2,2,10,ok
2015-02-14,yes,mvn_lpw_l2_mrgscpot_20150214_v02_r02.cdf,2,2,10,ok
2015-02-15,yes,mvn_lpw_l2_mrgscpot_20150215_v02_r02.cdf,2,2,10,ok
2015-02-16,yes,mvn_lpw_l2_mrgscpot_20150216_v02_r02.cdf,2,2,10,ok
2015-02-17,yes,mvn_lpw_l2_mrgscpot_20150217_v02_r02.cdf,2,2,10,ok
2015-02-18,yes,mvn_lpw_l2_mrgscpot_20150218_v02_r02.cdf,2,2,10,ok
2015-02-19,yes,mvn_lpw_l2_mrgscpot_20150219_v02_r02.cdf,2,2,10,ok
2015-02-20,yes,mvn_lpw_l2_mrgscpot_20150220_v02_r02.cdf,2,2,7,ok
2015-02-21,yes,mvn_lpw_l2_mrgscpot_20150221_v02_r02.cdf,2,2,7,ok
2015-02-22,yes,mvn_lpw_l2_mrgscpot_20150222_v02_r02.cdf,2,2,10,ok
2015-02-23,yes,mvn_lpw_l2_mrgscpot_20150223_v02_r02.cdf,2,2,7,ok
2015-02-24,yes,mvn_lpw_l2_mrgscpot_20150224_v02_r02.cdf,2,2,7,ok
2015-02-25,yes,mvn_lpw_l2_mrgscpot_20150225_v02_r02.cdf,2,2,7,ok
2015-02-26,yes,mvn_lpw_l2_mrgscpot_20150226_v02_r02.cdf,2,2,10,ok
2015-02-27,yes,mvn_lpw_l2_mrgscpot_20150227_v02_r02.cdf,2,2,10,ok
2015-02-28,yes,mvn_lpw_l2_mrgscpot_20150228_v02_r02.cdf,2,2,7,ok
2015-03-01,yes,mvn_lpw_l2_mrgscpot_20150301_v02_r02.cdf,2,2,7,ok
2015-03-02,yes,mvn_lpw_l2_mrgscpot_20150302_v02_r02.cdf,2,2,7,ok
2015-03-03,yes,mvn_lpw_l2_mrgscpot_20150303_v02_r02.cdf,2,2,10,ok
2015-03-04,yes,mvn_lpw_l2_mrgscpot_20150304_v02_r02.cdf,2,2,10,ok
2015-03-05,yes,mvn_lpw_l2_mrgscpot_20150305_v02_r02.cdf,2,2,10,ok
2015-03-06,yes,mvn_lpw_l2_mrgscpot_20150306_v02_r02.cdf,2,2,10,ok
2015-03-07,yes,mvn_lpw_l2_mrgscpot_20150307_v02_r02.cdf,2,2,7,ok
2015-03-08,yes,mvn_lpw_l2_mrgscpot_20150308_v02_r02.cdf,2,2,10,ok
2015-03-09,yes,mvn_lpw_l2_mrgscpot_20150309_v02_r02.cdf,2,2,10,ok
2015-03-10,yes,mvn_lpw_l2_mrgscpot_20150310_v02_r02.cdf,2,2,7,ok
2015-03-11,yes,mvn_lpw_l2_mrgscpot_20150311_v02_r02.cdf,2,2,7,ok
2015-03-12,yes,mvn_lpw_l2_mrgscpot_20150312_v02_r02.cdf,2,2,7,ok
2015-03-13,yes,mvn_lpw_l2_mrgscpot_20150313_v02_r02.cdf,2,2,7,ok
2015-03-14,yes,mvn_lpw_l2_mrgscpot_20150314_v02_r02.cdf,2,2,7,ok
2015-03-15,yes,mvn_lpw_l2_mrgscpot_20150315_v02_r02.cdf,2,2,7,ok
2015-03-16,yes,mvn_lpw_l2_mrgscpot_20150316_v02_r02.cdf,2,2,10,ok
2015-03-17,yes,mvn_lpw_l2_mrgscpot_20150317_v02_r02.cdf,2,2,7,ok
2015-03-18,yes,mvn_lpw_l2_mrgscpot_20150318_v02_r02.cdf,2,2,10,ok
2015-03-19,yes,mvn_lpw_l2_mrgscpot_20150319_v02_r02.cdf,2,2,10,ok
2015-03-20,yes,mvn_lpw_l2_mrgscpot_20150320_v02_r02.cdf,2,2,10,ok
2015-03-21,yes,mvn_lpw_l2_mrgscpot_20150321_v02_r02.cdf,2,2,10,ok
2015-03-22,yes,mvn_lpw_l2_mrgscpot_20150322_v02_r02.cdf,2,2,7,ok
2015-03-23,yes,mvn_lpw_l2_mrgscpot_20150323_v02_r02.cdf,2,2,10,ok
2015-03-24,yes,mvn_lpw_l2_mrgscpot_20150324_v02_r02.cdf,2,2,10,ok
2015-03-25,yes,mvn_lpw_l2_mrgscpot_20150325_v02_r02.cdf,2,2,7,ok
2015-03-26,yes,mvn_lpw_l2_mrgscpot_20150326_v02_r02.cdf,2,2,10,ok
2015-03-27,yes,mvn_lpw_l2_mrgscpot_20150327_v02_r02.cdf,2,2,10,ok
2015-03-28,yes,mvn_lpw_l2_mrgscpot_20150328_v02_r02.cdf,2,2,10,ok
2015-03-29,yes,mvn_lpw_l2_mrgscpot_20150329_v02_r02.cdf,2,2,10,ok
2015-03-30,yes,mvn_lpw_l2_mrgscpot_20150330_v02_r02.cdf,2,2,10,ok
2015-03-31,yes,mvn_lpw_l2_mrgscpot_20150331_v02_r02.cdf,2,2,10,ok
2015-04-01,yes,mvn_lpw_l2_mrgscpot_20150401_v02_r03.cdf,2,3,10,ok
2015-04-02,yes,mvn_lpw_l2_mrgscpot_20150402_v02_r03.cdf,2,3,10,ok
2015-04-03,yes,mvn_lpw_l2_mrgscpot_20150403_v02_r03.cdf,2,3,10,ok
2015-04-04,no,,,,0,no_mrgscpot
2015-04-05,no,,,,0,no_mrgscpot
2015-04-06,no,,,,0,no_mrgscpot
2015-04-07,no,,,,0,no_mrgscpot
2015-04-08,no,,,,0,no_mrgscpot
2015-04-09,no,,,,0,no_mrgscpot
2015-04-10,no,,,,0,no_mrgscpot
2015-04-11,no,,,,0,no_mrgscpot
2015-04-12,no,,,,0,no_mrgscpot
2015-04-13,no,,,,0,no_mrgscpot
2015-04-14,yes,mvn_lpw_l2_mrgscpot_20150414_v02_r03.cdf,2,3,7,ok
2015-04-15,yes,mvn_lpw_l2_mrgscpot_20150415_v02_r03.cdf,2,3,10,ok
2015-04-16,yes,mvn_lpw_l2_mrgscpot_20150416_v02_r03.cdf,2,3,10,ok
2015-04-17,yes,mvn_lpw_l2_mrgscpot_20150417_v02_r03.cdf,2,3,10,ok
2015-04-18,yes,mvn_lpw_l2_mrgscpot_20150418_v02_r03.cdf,2,3,10,ok
2015-04-19,yes,mvn_lpw_l2_mrgscpot_20150419_v02_r03.cdf,2,3,10,ok
2015-04-20,yes,mvn_lpw_l2_mrgscpot_20150420_v02_r03.cdf,2,3,10,ok
2015-04-21,yes,mvn_lpw_l2_mrgscpot_20150421_v02_r03.cdf,2,3,10,ok
2015-04-22,yes,mvn_lpw_l2_mrgscpot_20150422_v02_r03.cdf,2,3,10,ok
2015-04-23,yes,mvn_lpw_l2_mrgscpot_20150423_v02_r03.cdf,2,3,10,ok
2015-04-24,yes,mvn_lpw_l2_mrgscpot_20150424_v02_r03.cdf,2,3,10,ok
2015-04-25,yes,mvn_lpw_l2_mrgscpot_20150425_v02_r03.cdf,2,3,10,ok
2015-04-26,yes,mvn_lpw_l2_mrgscpot_20150426_v02_r03.cdf,2,3,10,ok
2015-04-27,yes,mvn_lpw_l2_mrgscpot_20150427_v02_r03.cdf,2,3,7,ok
2015-04-28,yes,mvn_lpw_l2_mrgscpot_20150428_v02_r03.cdf,2,3,7,ok
2015-04-29,yes,mvn_lpw_l2_mrgscpot_20150429_v02_r03.cdf,2,3,7,ok
2015-04-30,yes,mvn_lpw_l2_mrgscpot_20150430_v02_r03.cdf,2,3,7,ok
2015-05-01,yes,mvn_lpw_l2_mrgscpot_20150501_v02_r02.cdf,2,2,10,ok
2015-05-02,yes,mvn_lpw_l2_mrgscpot_20150502_v02_r02.cdf,2,2,10,ok
2015-05-03,yes,mvn_lpw_l2_mrgscpot_20150503_v02_r02.cdf,2,2,10,ok
2015-05-04,yes,mvn_lpw_l2_mrgscpot_20150504_v02_r02.cdf,2,2,7,ok
2015-05-05,yes,mvn_lpw_l2_mrgscpot_20150505_v02_r02.cdf,2,2,10,ok
2015-05-06,yes,mvn_lpw_l2_mrgscpot_20150506_v02_r02.cdf,2,2,10,ok
2015-05-07,yes,mvn_lpw_l2_mrgscpot_20150507_v02_r02.cdf,2,2,10,ok
2015-05-08,yes,mvn_lpw_l2_mrgscpot_20150508_v02_r02.cdf,2,2,10,ok
2015-05-09,yes,mvn_lpw_l2_mrgscpot_20150509_v02_r02.cdf,2,2,10,ok
2015-05-10,yes,mvn_lpw_l2_mrgscpot_20150510_v02_r02.cdf,2,2,10,ok
2015-05-11,yes,mvn_lpw_l2_mrgscpot_20150511_v02_r02.cdf,2,2,10,ok
2015-05-12,yes,mvn_lpw_l2_mrgscpot_20150512_v02_r02.cdf,2,2,10,ok
2015-05-13,yes,mvn_lpw_l2_mrgscpot_20150513_v02_r02.cdf,2,2,10,ok
2015-05-14,yes,mvn_lpw_l2_mrgscpot_20150514_v02_r02.cdf,2,2,10,ok
2015-05-15,yes,mvn_lpw_l2_mrgscpot_20150515_v02_r02.cdf,2,2,7,ok
2015-05-16,yes,mvn_lpw_l2_mrgscpot_20150516_v02_r02.cdf,2,2,7,ok
2015-05-17,yes,mvn_lpw_l2_mrgscpot_20150517_v02_r02.cdf,2,2,7,ok
2015-05-18,yes,mvn_lpw_l2_mrgscpot_20150518_v02_r02.cdf,2,2,7,ok
2015-05-19,yes,mvn_lpw_l2_mrgscpot_20150519_v02_r02.cdf,2,2,10,ok
2015-05-20,yes,mvn_lpw_l2_mrgscpot_20150520_v02_r02.cdf,2,2,7,ok
2015-05-21,yes,mvn_lpw_l2_mrgscpot_20150521_v02_r02.cdf,2,2,7,ok
2015-05-22,yes,mvn_lpw_l2_mrgscpot_20150522_v02_r02.cdf,2,2,10,ok
2015-05-23,yes,mvn_lpw_l2_mrgscpot_20150523_v02_r02.cdf,2,2,7,ok
2015-05-24,yes,mvn_lpw_l2_mrgscpot_20150524_v02_r02.cdf,2,2,7,ok
2015-05-25,yes,mvn_lpw_l2_mrgscpot_20150525_v02_r02.cdf,2,2,10,ok
2015-05-26,yes,mvn_lpw_l2_mrgscpot_20150526_v02_r02.cdf,2,2,10,ok
2015-05-27,yes,mvn_lpw_l2_mrgscpot_20150527_v02_r02.cdf,2,2,10,ok
2015-05-28,yes,mvn_lpw_l2_mrgscpot_20150528_v02_r02.cdf,2,2,10,ok
2015-05-29,yes,mvn_lpw_l2_mrgscpot_20150529_v02_r02.cdf,2,2,10,ok
2015-05-30,yes,mvn_lpw_l2_mrgscpot_20150530_v02_r02.cdf,2,2,10,ok
2015-05-31,yes,mvn_lpw_l2_mrgscpot_20150531_v02_r02.cdf,2,2,10,ok
2015-06-01,yes,mvn_lpw_l2_mrgscpot_20150601_v02_r02.cdf,2,2,10,ok
2015-06-02,yes,mvn_lpw_l2_mrgscpot_20150602_v02_r02.cdf,2,2,10,ok
2015-06-03,yes,mvn_lpw_l2_mrgscpot_20150603_v02_r02.cdf,2,2,10,ok
2015-06-04,yes,mvn_lpw_l2_mrgscpot_20150604_v02_r02.cdf,2,2,10,ok
2015-06-05,yes,mvn_lpw_l2_mrgscpot_20150605_v02_r02.cdf,2,2,7,ok
2015-06-06,yes,mvn_lpw_l2_mrgscpot_20150606_v02_r02.cdf,2,2,7,ok
2015-06-07,yes,mvn_lpw_l2_mrgscpot_20150607_v02_r02.cdf,2,2,7,ok
2015-06-08,yes,mvn_lpw_l2_mrgscpot_20150608_v02_r02.cdf,2,2,7,ok
2015-06-09,yes,mvn_lpw_l2_mrgscpot_20150609_v02_r02.cdf,2,2,7,ok
2015-06-10,yes,mvn_lpw_l2_mrgscpot_20150610_v02_r02.cdf,2,2,7,ok
2015-06-11,yes,mvn_lpw_l2_mrgscpot_20150611_v02_r02.cdf,2,2,7,ok
2015-06-12,yes,mvn_lpw_l2_mrgscpot_20150612_v02_r02.cdf,2,2,7,ok
2015-06-13,yes,mvn_lpw_l2_mrgscpot_20150613_v02_r02.cdf,2,2,7,ok
2015-06-14,yes,mvn_lpw_l2_mrgscpot_20150614_v02_r02.cdf,2,2,7,ok
2015-06-15,yes,mvn_lpw_l2_mrgscpot_20150615_v02_r02.cdf,2,2,7,ok
2015-06-16,yes,mvn_lpw_l2_mrgscpot_20150616_v02_r02.cdf,2,2,7,ok
2015-06-17,yes,mvn_lpw_l2_mrgscpot_20150617_v02_r02.cdf,2,2,7,ok
2015-06-18,yes,mvn_lpw_l2_mrgscpot_20150618_v02_r02.cdf,2,2,7,ok
2015-06-19,yes,mvn_lpw_l2_mrgscpot_20150619_v02_r02.cdf,2,2,7,ok
2015-06-20,yes,mvn_lpw_l2_mrgscpot_20150620_v02_r02.cdf,2,2,10,ok
2015-06-21,yes,mvn_lpw_l2_mrgscpot_20150621_v02_r02.cdf,2,2,10,ok
2015-06-22,yes,mvn_lpw_l2_mrgscpot_20150622_v02_r02.cdf,2,2,10,ok
2015-06-23,yes,mvn_lpw_l2_mrgscpot_20150623_v02_r02.cdf,2,2,10,ok
2015-06-24,yes,mvn_lpw_l2_mrgscpot_20150624_v02_r02.cdf,2,2,7,ok
2015-06-25,yes,mvn_lpw_l2_mrgscpot_20150625_v02_r02.cdf,2,2,7,ok
2015-06-26,yes,mvn_lpw_l2_mrgscpot_20150626_v02_r02.cdf,2,2,7,ok
2015-06-27,yes,mvn_lpw_l2_mrgscpot_20150627_v02_r02.cdf,2,2,7,ok
2015-06-28,yes,mvn_lpw_l2_mrgscpot_20150628_v02_r02.cdf,2,2,7,ok
2015-06-29,yes,mvn_lpw_l2_mrgscpot_20150629_v02_r02.cdf,2,2,7,ok
2015-06-30,no,,,,0,no_mrgscpot
2015-07-01,yes,mvn_lpw_l2_mrgscpot_20150701_v02_r02.cdf,2,2,10,ok
2015-07-02,yes,mvn_lpw_l2_mrgscpot_20150702_v02_r02.cdf,2,2,10,ok
2015-07-03,yes,mvn_lpw_l2_mrgscpot_20150703_v02_r02.cdf,2,2,10,ok
2015-07-04,yes,mvn_lpw_l2_mrgscpot_20150704_v02_r02.cdf,2,2,10,ok
2015-07-05,yes,mvn_lpw_l2_mrgscpot_20150705_v02_r02.cdf,2,2,10,ok
2015-07-06,yes,mvn_lpw_l2_mrgscpot_20150706_v02_r02.cdf,2,2,10,ok
2015-07-07,yes,mvn_lpw_l2_mrgscpot_20150707_v02_r02.cdf,2,2,10,ok
2015-07-08,yes,mvn_lpw_l2_mrgscpot_20150708_v02_r02.cdf,2,2,10,ok
2015-07-09,yes,mvn_lpw_l2_mrgscpot_20150709_v02_r02.cdf,2,2,10,ok
2015-07-10,yes,mvn_lpw_l2_mrgscpot_20150710_v02_r02.cdf,2,2,10,ok
2015-07-11,yes,mvn_lpw_l2_mrgscpot_20150711_v02_r02.cdf,2,2,10,ok
2015-07-12,yes,mvn_lpw_l2_mrgscpot_20150712_v02_r02.cdf,2,2,10,ok
2015-07-13,yes,mvn_lpw_l2_mrgscpot_20150713_v02_r02.cdf,2,2,10,ok
2015-07-14,yes,mvn_lpw_l2_mrgscpot_20150714_v02_r02.cdf,2,2,10,ok
2015-07-15,yes,mvn_lpw_l2_mrgscpot_20150715_v02_r02.cdf,2,2,10,ok
2015-07-16,yes,mvn_lpw_l2_mrgscpot_20150716_v02_r02.cdf,2,2,7,ok
2015-07-17,yes,mvn_lpw_l2_mrgscpot_20150717_v02_r02.cdf,2,2,10,ok
2015-07-18,yes,mvn_lpw_l2_mrgscpot_20150718_v02_r02.cdf,2,2,10,ok
2015-07-19,yes,mvn_lpw_l2_mrgscpot_20150719_v02_r02.cdf,2,2,10,ok
2015-07-20,yes,mvn_lpw_l2_mrgscpot_20150720_v02_r02.cdf,2,2,10,ok
2015-07-21,yes,mvn_lpw_l2_mrgscpot_20150721_v02_r02.cdf,2,2,7,ok
2015-07-22,yes,mvn_lpw_l2_mrgscpot_20150722_v02_r02.cdf,2,2,7,ok
2015-07-23,yes,mvn_lpw_l2_mrgscpot_20150723_v02_r02.cdf,2,2,7,ok
2015-07-24,yes,mvn_lpw_l2_mrgscpot_20150724_v02_r02.cdf,2,2,10,ok
2015-07-25,yes,mvn_lpw_l2_mrgscpot_20150725_v02_r02.cdf,2,2,10,ok
2015-07-26,yes,mvn_lpw_l2_mrgscpot_20150726_v02_r02.cdf,2,2,10,ok
2015-07-27,yes,mvn_lpw_l2_mrgscpot_20150727_v02_r02.cdf,2,2,10,ok
2015-07-28,yes,mvn_lpw_l2_mrgscpot_20150728_v02_r02.cdf,2,2,10,ok
2015-07-29,yes,mvn_lpw_l2_mrgscpot_20150729_v02_r02.cdf,2,2,10,ok
2015-07-30,yes,mvn_lpw_l2_mrgscpot_20150730_v02_r02.cdf,2,2,10,ok
2015-07-31,yes,mvn_lpw_l2_mrgscpot_20150731_v02_r02.cdf,2,2,10,ok
2015-08-01,yes,mvn_lpw_l2_mrgscpot_20150801_v02_r02.cdf,2,2,10,ok
2015-08-02,yes,mvn_lpw_l2_mrgscpot_20150802_v02_r02.cdf,2,2,10,ok
2015-08-03,yes,mvn_lpw_l2_mrgscpot_20150803_v02_r02.cdf,2,2,10,ok
2015-08-04,yes,mvn_lpw_l2_mrgscpot_20150804_v02_r02.cdf,2,2,7,ok
2015-08-05,yes,mvn_lpw_l2_mrgscpot_20150805_v02_r02.cdf,2,2,10,ok
2015-08-06,yes,mvn_lpw_l2_mrgscpot_20150806_v02_r02.cdf,2,2,10,ok
2015-08-07,yes,mvn_lpw_l2_mrgscpot_20150807_v02_r02.cdf,2,2,10,ok
2015-08-08,yes,mvn_lpw_l2_mrgscpot_20150808_v02_r02.cdf,2,2,10,ok
2015-08-09,yes,mvn_lpw_l2_mrgscpot_20150809_v02_r02.cdf,2,2,10,ok
2015-08-10,yes,mvn_lpw_l2_mrgscpot_20150810_v02_r02.cdf,2,2,10,ok
2015-08-11,yes,mvn_lpw_l2_mrgscpot_20150811_v02_r02.cdf,2,2,10,ok
2015-08-12,yes,mvn_lpw_l2_mrgscpot_20150812_v02_r02.cdf,2,2,7,ok
2015-08-13,yes,mvn_lpw_l2_mrgscpot_20150813_v02_r02.cdf,2,2,7,ok
2015-08-14,yes,mvn_lpw_l2_mrgscpot_20150814_v02_r02.cdf,2,2,7,ok
2015-08-15,yes,mvn_lpw_l2_mrgscpot_20150815_v02_r02.cdf,2,2,10,ok
2015-08-16,yes,mvn_lpw_l2_mrgscpot_20150816_v02_r02.cdf,2,2,10,ok
2015-08-17,yes,mvn_lpw_l2_mrgscpot_20150817_v02_r02.cdf,2,2,10,ok
2015-08-18,yes,mvn_lpw_l2_mrgscpot_20150818_v02_r02.cdf,2,2,10,ok
2015-08-19,yes,mvn_lpw_l2_mrgscpot_20150819_v02_r02.cdf,2,2,10,ok
2015-08-20,yes,mvn_lpw_l2_mrgscpot_20150820_v02_r02.cdf,2,2,10,ok
2015-08-21,yes,mvn_lpw_l2_mrgscpot_20150821_v02_r02.cdf,2,2,10,ok
2015-08-22,yes,mvn_lpw_l2_mrgscpot_20150822_v02_r02.cdf,2,2,10,ok
2015-08-23,yes,mvn_lpw_l2_mrgscpot_20150823_v02_r02.cdf,2,2,10,ok
2015-08-24,yes,mvn_lpw_l2_mrgscpot_20150824_v02_r02.cdf,2,2,7,ok
2015-08-25,yes,mvn_lpw_l2_mrgscpot_20150825_v02_r02.cdf,2,2,10,ok
2015-08-26,yes,mvn_lpw_l2_mrgscpot_20150826_v02_r02.cdf,2,2,10,ok
2015-08-27,yes,mvn_lpw_l2_mrgscpot_20150827_v02_r02.cdf,2,2,10,ok
2015-08-28,yes,mvn_lpw_l2_mrgscpot_20150828_v02_r02.cdf,2,2,10,ok
2015-08-29,yes,mvn_lpw_l2_mrgscpot_20150829_v02_r02.cdf,2,2,10,ok
2015-08-30,yes,mvn_lpw_l2_mrgscpot_20150830_v02_r02.cdf,2,2,10,ok
2015-08-31,yes,mvn_lpw_l2_mrgscpot_20150831_v02_r02.cdf,2,2,10,ok
2015-09-01,yes,mvn_lpw_l2_mrgscpot_20150901_v02_r02.cdf,2,2,10,ok
2015-09-02,yes,mvn_lpw_l2_mrgscpot_20150902_v02_r02.cdf,2,2,10,ok
2015-09-03,yes,mvn_lpw_l2_mrgscpot_20150903_v02_r02.cdf,2,2,10,ok
2015-09-04,yes,mvn_lpw_l2_mrgscpot_20150904_v02_r02.cdf,2,2,10,ok
2015-09-05,yes,mvn_lpw_l2_mrgscpot_20150905_v02_r02.cdf,2,2,10,ok
2015-09-06,yes,mvn_lpw_l2_mrgscpot_20150906_v02_r02.cdf,2,2,10,ok
2015-09-07,yes,mvn_lpw_l2_mrgscpot_20150907_v02_r02.cdf,2,2,10,ok
2015-09-08,yes,mvn_lpw_l2_mrgscpot_20150908_v02_r02.cdf,2,2,10,ok
2015-09-09,yes,mvn_lpw_l2_mrgscpot_20150909_v02_r02.cdf,2,2,10,ok
2015-09-10,yes,mvn_lpw_l2_mrgscpot_20150910_v02_r02.cdf,2,2,10,ok
2015-09-11,yes,mvn_lpw_l2_mrgscpot_20150911_v02_r02.cdf,2,2,10,ok
2015-09-12,yes,mvn_lpw_l2_mrgscpot_20150912_v02_r02.cdf,2,2,10,ok
2015-09-13,yes,mvn_lpw_l2_mrgscpot_20150913_v02_r02.cdf,2,2,7,ok
2015-09-14,yes,mvn_lpw_l2_mrgscpot_20150914_v02_r02.cdf,2,2,7,ok
2015-09-15,yes,mvn_lpw_l2_mrgscpot_20150915_v02_r02.cdf,2,2,10,ok
2015-09-16,yes,mvn_lpw_l2_mrgscpot_20150916_v02_r02.cdf,2,2,10,ok
2015-09-17,yes,mvn_lpw_l2_mrgscpot_20150917_v02_r02.cdf,2,2,10,ok
2015-09-18,yes,mvn_lpw_l2_mrgscpot_20150918_v02_r02.cdf,2,2,10,ok
2015-09-19,yes,mvn_lpw_l2_mrgscpot_20150919_v02_r02.cdf,2,2,7,ok
2015-09-20,yes,mvn_lpw_l2_mrgscpot_20150920_v02_r02.cdf,2,2,10,ok
2015-09-21,yes,mvn_lpw_l2_mrgscpot_20150921_v02_r02.cdf,2,2,10,ok
2015-09-22,yes,mvn_lpw_l2_mrgscpot_20150922_v02_r02.cdf,2,2,10,ok
2015-09-23,yes,mvn_lpw_l2_mrgscpot_20150923_v02_r02.cdf,2,2,10,ok
2015-09-24,yes,mvn_lpw_l2_mrgscpot_20150924_v02_r02.cdf,2,2,10,ok
2015-09-25,yes,mvn_lpw_l2_mrgscpot_20150925_v02_r02.cdf,2,2,10,ok
2015-09-26,yes,mvn_lpw_l2_mrgscpot_20150926_v02_r02.cdf,2,2,10,ok
2015-09-27,yes,mvn_lpw_l2_mrgscpot_20150927_v02_r02.cdf,2,2,10,ok
2015-09-28,yes,mvn_lpw_l2_mrgscpot_20150928_v02_r02.cdf,2,2,10,ok
2015-09-29,yes,mvn_lpw_l2_mrgscpot_20150929_v02_r02.cdf,2,2,10,ok
2015-09-30,yes,mvn_lpw_l2_mrgscpot_20150930_v02_r02.cdf,2,2,7,ok
2015-10-01,yes,mvn_lpw_l2_mrgscpot_20151001_v02_r02.cdf,2,2,10,ok
2015-10-02,yes,mvn_lpw_l2_mrgscpot_20151002_v02_r02.cdf,2,2,10,ok
2015-10-03,yes,mvn_lpw_l2_mrgscpot_20151003_v02_r03.cdf,2,3,10,ok
2015-10-04,yes,mvn_lpw_l2_mrgscpot_20151004_v02_r02.cdf,2,2,10,ok
2015-10-05,yes,mvn_lpw_l2_mrgscpot_20151005_v02_r02.cdf,2,2,10,ok
2015-10-06,yes,mvn_lpw_l2_mrgscpot_20151006_v02_r02.cdf,2,2,10,ok
2015-10-07,yes,mvn_lpw_l2_mrgscpot_20151007_v02_r02.cdf,2,2,10,ok
2015-10-08,yes,mvn_lpw_l2_mrgscpot_20151008_v02_r02.cdf,2,2,10,ok
2015-10-09,yes,mvn_lpw_l2_mrgscpot_20151009_v02_r02.cdf,2,2,10,ok
2015-10-10,yes,mvn_lpw_l2_mrgscpot_20151010_v02_r02.cdf,2,2,7,ok
2015-10-11,yes,mvn_lpw_l2_mrgscpot_20151011_v02_r02.cdf,2,2,10,ok
2015-10-12,yes,mvn_lpw_l2_mrgscpot_20151012_v02_r02.cdf,2,2,10,ok
2015-10-13,yes,mvn_lpw_l2_mrgscpot_20151013_v02_r02.cdf,2,2,10,ok
2015-10-14,yes,mvn_lpw_l2_mrgscpot_20151014_v02_r02.cdf,2,2,10,ok
2015-10-15,yes,mvn_lpw_l2_mrgscpot_20151015_v02_r02.cdf,2,2,10,ok
2015-10-16,yes,mvn_lpw_l2_mrgscpot_20151016_v02_r02.cdf,2,2,10,ok
2015-10-17,yes,mvn_lpw_l2_mrgscpot_20151017_v02_r02.cdf,2,2,10,ok
2015-10-18,yes,mvn_lpw_l2_mrgscpot_20151018_v02_r02.cdf,2,2,10,ok
2015-10-19,yes,mvn_lpw_l2_mrgscpot_20151019_v02_r02.cdf,2,2,10,ok
2015-10-20,yes,mvn_lpw_l2_mrgscpot_20151020_v02_r02.cdf,2,2,10,ok
2015-10-21,yes,mvn_lpw_l2_mrgscpot_20151021_v02_r02.cdf,2,2,10,ok
2015-10-22,yes,mvn_lpw_l2_mrgscpot_20151022_v02_r02.cdf,2,2,10,ok
2015-10-23,yes,mvn_lpw_l2_mrgscpot_20151023_v02_r02.cdf,2,2,10,ok
2015-10-24,yes,mvn_lpw_l2_mrgscpot_20151024_v02_r02.cdf,2,2,10,ok
2015-10-25,yes,mvn_lpw_l2_mrgscpot_20151025_v02_r02.cdf,2,2,10,ok
2015-10-26,yes,mvn_lpw_l2_mrgscpot_20151026_v02_r02.cdf,2,2,10,ok
2015-10-27,yes,mvn_lpw_l2_mrgscpot_20151027_v02_r02.cdf,2,2,10,ok
2015-10-28,yes,mvn_lpw_l2_mrgscpot_20151028_v02_r02.cdf,2,2,10,ok
2015-10-29,yes,mvn_lpw_l2_mrgscpot_20151029_v02_r02.cdf,2,2,10,ok
2015-10-30,yes,mvn_lpw_l2_mrgscpot_20151030_v02_r02.cdf,2,2,10,ok
2015-10-31,yes,mvn_lpw_l2_mrgscpot_20151031_v02_r02.cdf,2,2,10,ok
2015-11-01,yes,mvn_lpw_l2_mrgscpot_20151101_v02_r02.cdf,2,2,10,ok
2015-11-02,yes,mvn_lpw_l2_mrgscpot_20151102_v02_r02.cdf,2,2,10,ok
2015-11-03,yes,mvn_lpw_l2_mrgscpot_20151103_v02_r02.cdf,2,2,10,ok
2015-11-04,yes,mvn_lpw_l2_mrgscpot_20151104_v02_r02.cdf,2,2,10,ok
2015-11-05,yes,mvn_lpw_l2_mrgscpot_20151105_v02_r02.cdf,2,2,10,ok
2015-11-06,yes,mvn_lpw_l2_mrgscpot_20151106_v02_r02.cdf,2,2,10,ok
2015-11-07,yes,mvn_lpw_l2_mrgscpot_20151107_v02_r02.cdf,2,2,10,ok
2015-11-08,yes,mvn_lpw_l2_mrgscpot_20151108_v02_r02.cdf,2,2,10,ok
2015-11-09,yes,mvn_lpw_l2_mrgscpot_20151109_v02_r02.cdf,2,2,10,ok
2015-11-10,yes,mvn_lpw_l2_mrgscpot_20151110_v02_r02.cdf,2,2,10,ok
2015-11-11,yes,mvn_lpw_l2_mrgscpot_20151111_v02_r02.cdf,2,2,7,ok
2015-11-12,yes,mvn_lpw_l2_mrgscpot_20151112_v02_r02.cdf,2,2,10,ok
2015-11-13,yes,mvn_lpw_l2_mrgscpot_20151113_v02_r02.cdf,2,2,10,ok
2015-11-14,yes,mvn_lpw_l2_mrgscpot_20151114_v02_r02.cdf,2,2,10,ok
2015-11-15,yes,mvn_lpw_l2_mrgscpot_20151115_v02_r02.cdf,2,2,10,ok
2015-11-16,yes,mvn_lpw_l2_mrgscpot_20151116_v02_r02.cdf,2,2,10,ok
2015-11-17,yes,mvn_lpw_l2_mrgscpot_20151117_v02_r02.cdf,2,2,10,ok
2015-11-18,yes,mvn_lpw_l2_mrgscpot_20151118_v02_r02.cdf,2,2,10,ok
2015-11-19,yes,mvn_lpw_l2_mrgscpot_20151119_v02_r02.cdf,2,2,10,ok
2015-11-20,yes,mvn_lpw_l2_mrgscpot_20151120_v02_r02.cdf,2,2,10,ok
2015-11-21,yes,mvn_lpw_l2_mrgscpot_20151121_v02_r02.cdf,2,2,10,ok
2015-11-22,yes,mvn_lpw_l2_mrgscpot_20151122_v02_r02.cdf,2,2,10,ok
2015-11-23,yes,mvn_lpw_l2_mrgscpot_20151123_v02_r02.cdf,2,2,10,ok
2015-11-24,yes,mvn_lpw_l2_mrgscpot_20151124_v02_r02.cdf,2,2,10,ok
2015-11-25,yes,mvn_lpw_l2_mrgscpot_20151125_v02_r02.cdf,2,2,7,ok
2015-11-26,yes,mvn_lpw_l2_mrgscpot_20151126_v02_r02.cdf,2,2,7,ok
2015-11-27,yes,mvn_lpw_l2_mrgscpot_20151127_v02_r02.cdf,2,2,7,ok
2015-11-28,yes,mvn_lpw_l2_mrgscpot_20151128_v02_r02.cdf,2,2,10,ok
2015-11-29,yes,mvn_lpw_l2_mrgscpot_20151129_v02_r02.cdf,2,2,7,ok
2015-11-30,yes,mvn_lpw_l2_mrgscpot_20151130_v02_r03.cdf,2,3,7,ok
2015-12-01,yes,mvn_lpw_l2_mrgscpot_20151201_v02_r02.cdf,2,2,7,ok
2015-12-02,yes,mvn_lpw_l2_mrgscpot_20151202_v02_r02.cdf,2,2,7,ok
2015-12-03,yes,mvn_lpw_l2_mrgscpot_20151203_v02_r02.cdf,2,2,10,ok
2015-12-04,yes,mvn_lpw_l2_mrgscpot_20151204_v02_r02.cdf,2,2,7,ok
2015-12-05,yes,mvn_lpw_l2_mrgscpot_20151205_v02_r02.cdf,2,2,7,ok
2015-12-06,yes,mvn_lpw_l2_mrgscpot_20151206_v02_r02.cdf,2,2,7,ok
2015-12-07,yes,mvn_lpw_l2_mrgscpot_20151207_v02_r02.cdf,2,2,7,ok
2015-12-08,yes,mvn_lpw_l2_mrgscpot_20151208_v02_r02.cdf,2,2,10,ok
2015-12-09,yes,mvn_lpw_l2_mrgscpot_20151209_v02_r02.cdf,2,2,10,ok
2015-12-10,yes,mvn_lpw_l2_mrgscpot_20151210_v02_r02.cdf,2,2,3,ok
2015-12-11,yes,mvn_lpw_l2_mrgscpot_20151211_v02_r02.cdf,2,2,3,ok
2015-12-12,yes,mvn_lpw_l2_mrgscpot_20151212_v02_r02.cdf,2,2,3,ok
2015-12-13,yes,mvn_lpw_l2_mrgscpot_20151213_v02_r02.cdf,2,2,3,ok
2015-12-14,yes,mvn_lpw_l2_mrgscpot_20151214_v02_r02.cdf,2,2,3,ok
2015-12-15,yes,mvn_lpw_l2_mrgscpot_20151215_v02_r02.cdf,2,2,3,ok
2015-12-16,yes,mvn_lpw_l2_mrgscpot_20151216_v02_r02.cdf,2,2,3,ok
2015-12-17,yes,mvn_lpw_l2_mrgscpot_20151217_v02_r02.cdf,2,2,3,ok
2015-12-18,yes,mvn_lpw_l2_mrgscpot_20151218_v02_r02.cdf,2,2,3,ok
2015-12-19,yes,mvn_lpw_l2_mrgscpot_20151219_v02_r02.cdf,2,2,3,ok
2015-12-20,yes,mvn_lpw_l2_mrgscpot_20151220_v02_r02.cdf,2,2,3,ok
2015-12-21,yes,mvn_lpw_l2_mrgscpot_20151221_v02_r02.cdf,2,2,3,ok
2015-12-22,yes,mvn_lpw_l2_mrgscpot_20151222_v02_r02.cdf,2,2,3,ok
2015-12-23,yes,mvn_lpw_l2_mrgscpot_20151223_v02_r02.cdf,2,2,9,ok
2015-12-24,yes,mvn_lpw_l2_mrgscpot_20151224_v02_r02.cdf,2,2,3,ok
2015-12-25,yes,mvn_lpw_l2_mrgscpot_20151225_v02_r02.cdf,2,2,3,ok
2015-12-26,yes,mvn_lpw_l2_mrgscpot_20151226_v02_r02.cdf,2,2,3,ok
2015-12-27,yes,mvn_lpw_l2_mrgscpot_20151227_v02_r02.cdf,2,2,3,ok
2015-12-28,yes,mvn_lpw_l2_mrgscpot_20151228_v02_r02.cdf,2,2,3,ok
2015-12-29,yes,mvn_lpw_l2_mrgscpot_20151229_v02_r02.cdf,2,2,3,ok
2015-12-30,yes,mvn_lpw_l2_mrgscpot_20151230_v02_r02.cdf,2,2,3,ok
2015-12-31,yes,mvn_lpw_l2_mrgscpot_20151231_v02_r02.cdf,2,2,3,ok
2016-01-01,yes,mvn_lpw_l2_mrgscpot_20160101_v02_r02.cdf,2,2,3,ok
2016-01-02,yes,mvn_lpw_l2_mrgscpot_20160102_v02_r02.cdf,2,2,3,ok
2016-01-03,yes,mvn_lpw_l2_mrgscpot_20160103_v02_r02.cdf,2,2,3,ok
2016-01-04,yes,mvn_lpw_l2_mrgscpot_20160104_v02_r02.cdf,2,2,3,ok
2016-01-05,yes,mvn_lpw_l2_mrgscpot_20160105_v02_r02.cdf,2,2,3,ok
2016-01-06,yes,mvn_lpw_l2_mrgscpot_20160106_v02_r02.cdf,2,2,3,ok
2016-01-07,yes,mvn_lpw_l2_mrgscpot_20160107_v02_r02.cdf,2,2,3,ok
2016-01-08,yes,mvn_lpw_l2_mrgscpot_20160108_v02_r02.cdf,2,2,3,ok
2016-01-09,yes,mvn_lpw_l2_mrgscpot_20160109_v02_r02.cdf,2,2,3,ok
2016-01-10,yes,mvn_lpw_l2_mrgscpot_20160110_v02_r02.cdf,2,2,3,ok
2016-01-11,yes,mvn_lpw_l2_mrgscpot_20160111_v02_r02.cdf,2,2,3,ok
2016-01-12,yes,mvn_lpw_l2_mrgscpot_20160112_v02_r02.cdf,2,2,3,ok
2016-01-13,yes,mvn_lpw_l2_mrgscpot_20160113_v02_r02.cdf,2,2,3,ok
2016-01-14,yes,mvn_lpw_l2_mrgscpot_20160114_v02_r02.cdf,2,2,3,ok
2016-01-15,yes,mvn_lpw_l2_mrgscpot_20160115_v02_r02.cdf,2,2,3,ok
2016-01-16,yes,mvn_lpw_l2_mrgscpot_20160116_v02_r02.cdf,2,2,3,ok
2016-01-17,yes,mvn_lpw_l2_mrgscpot_20160117_v02_r02.cdf,2,2,3,ok
2016-01-18,yes,mvn_lpw_l2_mrgscpot_20160118_v02_r02.cdf,2,2,3,ok
2016-01-19,yes,mvn_lpw_l2_mrgscpot_20160119_v02_r02.cdf,2,2,3,ok
2016-01-20,yes,mvn_lpw_l2_mrgscpot_20160120_v02_r02.cdf,2,2,3,ok
2016-01-21,yes,mvn_lpw_l2_mrgscpot_20160121_v02_r02.cdf,2,2,3,ok
2016-01-22,yes,mvn_lpw_l2_mrgscpot_20160122_v02_r02.cdf,2,2,3,ok
2016-01-23,yes,mvn_lpw_l2_mrgscpot_20160123_v02_r02.cdf,2,2,3,ok
2016-01-24,yes,mvn_lpw_l2_mrgscpot_20160124_v02_r02.cdf,2,2,3,ok
2016-01-25,yes,mvn_lpw_l2_mrgscpot_20160125_v02_r02.cdf,2,2,3,ok
2016-01-26,yes,mvn_lpw_l2_mrgscpot_20160126_v02_r02.cdf,2,2,3,ok
2016-01-27,yes,mvn_lpw_l2_mrgscpot_20160127_v02_r02.cdf,2,2,3,ok
2016-01-28,yes,mvn_lpw_l2_mrgscpot_20160128_v02_r02.cdf,2,2,3,ok
2016-01-29,yes,mvn_lpw_l2_mrgscpot_20160129_v02_r02.cdf,2,2,3,ok
2016-01-30,yes,mvn_lpw_l2_mrgscpot_20160130_v02_r02.cdf,2,2,3,ok
2016-01-31,yes,mvn_lpw_l2_mrgscpot_20160131_v02_r02.cdf,2,2,3,ok
2016-02-01,yes,mvn_lpw_l2_mrgscpot_20160201_v02_r02.cdf,2,2,3,ok
2016-02-02,yes,mvn_lpw_l2_mrgscpot_20160202_v02_r02.cdf,2,2,7,ok
2016-02-03,yes,mvn_lpw_l2_mrgscpot_20160203_v02_r02.cdf,2,2,3,ok
2016-02-04,yes,mvn_lpw_l2_mrgscpot_20160204_v02_r02.cdf,2,2,3,ok
2016-02-05,yes,mvn_lpw_l2_mrgscpot_20160205_v02_r02.cdf,2,2,3,ok
2016-02-06,yes,mvn_lpw_l2_mrgscpot_20160206_v02_r02.cdf,2,2,3,ok
2016-02-07,yes,mvn_lpw_l2_mrgscpot_20160207_v02_r02.cdf,2,2,3,ok
2016-02-08,yes,mvn_lpw_l2_mrgscpot_20160208_v02_r02.cdf,2,2,3,ok
2016-02-09,yes,mvn_lpw_l2_mrgscpot_20160209_v02_r02.cdf,2,2,3,ok
2016-02-10,yes,mvn_lpw_l2_mrgscpot_20160210_v02_r02.cdf,2,2,3,ok
2016-02-11,yes,mvn_lpw_l2_mrgscpot_20160211_v02_r02.cdf,2,2,3,ok
2016-02-12,yes,mvn_lpw_l2_mrgscpot_20160212_v02_r02.cdf,2,2,3,ok
2016-02-13,yes,mvn_lpw_l2_mrgscpot_20160213_v02_r02.cdf,2,2,3,ok
2016-02-14,yes,mvn_lpw_l2_mrgscpot_20160214_v02_r02.cdf,2,2,3,ok
2016-02-15,yes,mvn_lpw_l2_mrgscpot_20160215_v02_r02.cdf,2,2,3,ok
2016-02-16,yes,mvn_lpw_l2_mrgscpot_20160216_v02_r02.cdf,2,2,3,ok
2016-02-17,yes,mvn_lpw_l2_mrgscpot_20160217_v02_r02.cdf,2,2,3,ok
2016-02-18,yes,mvn_lpw_l2_mrgscpot_20160218_v02_r02.cdf,2,2,3,ok
2016-02-19,yes,mvn_lpw_l2_mrgscpot_20160219_v02_r02.cdf,2,2,3,ok
2016-02-20,yes,mvn_lpw_l2_mrgscpot_20160220_v02_r02.cdf,2,2,3,ok
2016-02-21,yes,mvn_lpw_l2_mrgscpot_20160221_v02_r02.cdf,2,2,3,ok
2016-02-22,yes,mvn_lpw_l2_mrgscpot_20160222_v02_r02.cdf,2,2,3,ok
2016-02-23,yes,mvn_lpw_l2_mrgscpot_20160223_v02_r02.cdf,2,2,3,ok
2016-02-24,yes,mvn_lpw_l2_mrgscpot_20160224_v02_r02.cdf,2,2,3,ok
2016-02-25,yes,mvn_lpw_l2_mrgscpot_20160225_v02_r02.cdf,2,2,3,ok
2016-02-26,yes,mvn_lpw_l2_mrgscpot_20160226_v02_r02.cdf,2,2,3,ok
2016-02-27,yes,mvn_lpw_l2_mrgscpot_20160227_v02_r02.cdf,2,2,3,ok
2016-02-28,yes,mvn_lpw_l2_mrgscpot_20160228_v02_r02.cdf,2,2,3,ok
2016-02-29,yes,mvn_lpw_l2_mrgscpot_20160229_v02_r02.cdf,2,2,3,ok
2016-03-01,yes,mvn_lpw_l2_mrgscpot_20160301_v02_r02.cdf,2,2,3,ok
2016-03-02,yes,mvn_lpw_l2_mrgscpot_20160302_v02_r02.cdf,2,2,3,ok
2016-03-03,yes,mvn_lpw_l2_mrgscpot_20160303_v02_r02.cdf,2,2,3,ok
2016-03-04,yes,mvn_lpw_l2_mrgscpot_20160304_v02_r02.cdf,2,2,3,ok
2016-03-05,yes,mvn_lpw_l2_mrgscpot_20160305_v02_r02.cdf,2,2,3,ok
2016-03-06,yes,mvn_lpw_l2_mrgscpot_20160306_v02_r02.cdf,2,2,3,ok
2016-03-07,yes,mvn_lpw_l2_mrgscpot_20160307_v02_r02.cdf,2,2,3,ok
2016-03-08,yes,mvn_lpw_l2_mrgscpot_20160308_v02_r02.cdf,2,2,3,ok
2016-03-09,yes,mvn_lpw_l2_mrgscpot_20160309_v02_r02.cdf,2,2,3,ok
2016-03-10,yes,mvn_lpw_l2_mrgscpot_20160310_v02_r02.cdf,2,2,3,ok
2016-03-11,yes,mvn_lpw_l2_mrgscpot_20160311_v02_r02.cdf,2,2,3,ok
2016-03-12,yes,mvn_lpw_l2_mrgscpot_20160312_v02_r02.cdf,2,2,3,ok
2016-03-13,yes,mvn_lpw_l2_mrgscpot_20160313_v02_r02.cdf,2,2,3,ok
2016-03-14,yes,mvn_lpw_l2_mrgscpot_20160314_v02_r02.cdf,2,2,3,ok
2016-03-15,yes,mvn_lpw_l2_mrgscpot_20160315_v02_r02.cdf,2,2,3,ok
2016-03-16,yes,mvn_lpw_l2_mrgscpot_20160316_v02_r02.cdf,2,2,3,ok
2016-03-17,yes,mvn_lpw_l2_mrgscpot_20160317_v02_r02.cdf,2,2,3,ok
2016-03-18,yes,mvn_lpw_l2_mrgscpot_20160318_v02_r02.cdf,2,2,3,ok
2016-03-19,yes,mvn_lpw_l2_mrgscpot_20160319_v02_r02.cdf,2,2,3,ok
2016-03-20,yes,mvn_lpw_l2_mrgscpot_20160320_v02_r02.cdf,2,2,3,ok
2016-03-21,yes,mvn_lpw_l2_mrgscpot_20160321_v02_r02.cdf,2,2,3,ok
2016-03-22,yes,mvn_lpw_l2_mrgscpot_20160322_v02_r02.cdf,2,2,10,ok
2016-03-23,yes,mvn_lpw_l2_mrgscpot_20160323_v02_r02.cdf,2,2,10,ok
2016-03-24,yes,mvn_lpw_l2_mrgscpot_20160324_v02_r02.cdf,2,2,3,ok
2016-03-25,yes,mvn_lpw_l2_mrgscpot_20160325_v02_r02.cdf,2,2,3,ok
2016-03-26,yes,mvn_lpw_l2_mrgscpot_20160326_v02_r03.cdf,2,3,3,ok
2016-03-27,yes,mvn_lpw_l2_mrgscpot_20160327_v02_r02.cdf,2,2,3,ok
2016-03-28,yes,mvn_lpw_l2_mrgscpot_20160328_v02_r02.cdf,2,2,3,ok
2016-03-29,yes,mvn_lpw_l2_mrgscpot_20160329_v02_r02.cdf,2,2,3,ok
2016-03-30,yes,mvn_lpw_l2_mrgscpot_20160330_v02_r02.cdf,2,2,3,ok
2016-03-31,yes,mvn_lpw_l2_mrgscpot_20160331_v02_r02.cdf,2,2,3,ok
2016-04-01,yes,mvn_lpw_l2_mrgscpot_20160401_v02_r02.cdf,2,2,3,ok
2016-04-02,yes,mvn_lpw_l2_mrgscpot_20160402_v02_r02.cdf,2,2,3,ok
2016-04-03,yes,mvn_lpw_l2_mrgscpot_20160403_v02_r02.cdf,2,2,3,ok
2016-04-04,yes,mvn_lpw_l2_mrgscpot_20160404_v02_r02.cdf,2,2,3,ok
2016-04-05,yes,mvn_lpw_l2_mrgscpot_20160405_v02_r02.cdf,2,2,3,ok
2016-04-06,yes,mvn_lpw_l2_mrgscpot_20160406_v02_r02.cdf,2,2,4,ok
2016-04-07,yes,mvn_lpw_l2_mrgscpot_20160407_v02_r02.cdf,2,2,3,ok
2016-04-08,yes,mvn_lpw_l2_mrgscpot_20160408_v02_r02.cdf,2,2,3,ok
2016-04-09,yes,mvn_lpw_l2_mrgscpot_20160409_v02_r02.cdf,2,2,3,ok
2016-04-10,yes,mvn_lpw_l2_mrgscpot_20160410_v02_r02.cdf,2,2,3,ok
2016-04-11,yes,mvn_lpw_l2_mrgscpot_20160411_v02_r02.cdf,2,2,3,ok
2016-04-12,yes,mvn_lpw_l2_mrgscpot_20160412_v02_r02.cdf,2,2,4,ok
2016-04-13,yes,mvn_lpw_l2_mrgscpot_20160413_v02_r02.cdf,2,2,3,ok
2016-04-14,yes,mvn_lpw_l2_mrgscpot_20160414_v02_r02.cdf,2,2,3,ok
2016-04-15,yes,mvn_lpw_l2_mrgscpot_20160415_v02_r02.cdf,2,2,7,ok
2016-04-16,yes,mvn_lpw_l2_mrgscpot_20160416_v02_r02.cdf,2,2,3,ok
2016-04-17,yes,mvn_lpw_l2_mrgscpot_20160417_v02_r02.cdf,2,2,3,ok
2016-04-18,yes,mvn_lpw_l2_mrgscpot_20160418_v02_r02.cdf,2,2,3,ok
2016-04-19,yes,mvn_lpw_l2_mrgscpot_20160419_v02_r02.cdf,2,2,10,ok
2016-04-20,yes,mvn_lpw_l2_mrgscpot_20160420_v02_r02.cdf,2,2,3,ok
2016-04-21,yes,mvn_lpw_l2_mrgscpot_20160421_v02_r02.cdf,2,2,3,ok
2016-04-22,yes,mvn_lpw_l2_mrgscpot_20160422_v02_r02.cdf,2,2,3,ok
2016-04-23,yes,mvn_lpw_l2_mrgscpot_20160423_v02_r02.cdf,2,2,3,ok
2016-04-24,yes,mvn_lpw_l2_mrgscpot_20160424_v02_r02.cdf,2,2,3,ok
2016-04-25,yes,mvn_lpw_l2_mrgscpot_20160425_v02_r03.cdf,2,3,3,ok
2016-04-26,yes,mvn_lpw_l2_mrgscpot_20160426_v02_r03.cdf,2,3,3,ok
2016-04-27,yes,mvn_lpw_l2_mrgscpot_20160427_v02_r03.cdf,2,3,3,ok
2016-04-28,yes,mvn_lpw_l2_mrgscpot_20160428_v02_r03.cdf,2,3,3,ok
2016-04-29,yes,mvn_lpw_l2_mrgscpot_20160429_v02_r03.cdf,2,3,3,ok
2016-04-30,yes,mvn_lpw_l2_mrgscpot_20160430_v02_r03.cdf,2,3,3,ok
2016-05-01,yes,mvn_lpw_l2_mrgscpot_20160501_v02_r02.cdf,2,2,3,ok
2016-05-02,yes,mvn_lpw_l2_mrgscpot_20160502_v02_r02.cdf,2,2,3,ok
2016-05-03,yes,mvn_lpw_l2_mrgscpot_20160503_v02_r02.cdf,2,2,3,ok
2016-05-04,yes,mvn_lpw_l2_mrgscpot_20160504_v02_r02.cdf,2,2,3,ok
2016-05-05,yes,mvn_lpw_l2_mrgscpot_20160505_v02_r02.cdf,2,2,3,ok
2016-05-06,yes,mvn_lpw_l2_mrgscpot_20160506_v02_r02.cdf,2,2,3,ok
2016-05-07,yes,mvn_lpw_l2_mrgscpot_20160507_v02_r02.cdf,2,2,3,ok
2016-05-08,yes,mvn_lpw_l2_mrgscpot_20160508_v02_r02.cdf,2,2,3,ok
2016-05-09,yes,mvn_lpw_l2_mrgscpot_20160509_v02_r02.cdf,2,2,3,ok
2016-05-10,yes,mvn_lpw_l2_mrgscpot_20160510_v02_r02.cdf,2,2,3,ok
2016-05-11,yes,mvn_lpw_l2_mrgscpot_20160511_v02_r02.cdf,2,2,3,ok
2016-05-12,yes,mvn_lpw_l2_mrgscpot_20160512_v02_r02.cdf,2,2,3,ok
2016-05-13,yes,mvn_lpw_l2_mrgscpot_20160513_v02_r02.cdf,2,2,3,ok
2016-05-14,yes,mvn_lpw_l2_mrgscpot_20160514_v02_r02.cdf,2,2,3,ok
2016-05-15,yes,mvn_lpw_l2_mrgscpot_20160515_v02_r02.cdf,2,2,3,ok
2016-05-16,yes,mvn_lpw_l2_mrgscpot_20160516_v02_r02.cdf,2,2,3,ok
2016-05-17,yes,mvn_lpw_l2_mrgscpot_20160517_v02_r02.cdf,2,2,3,ok
2016-05-18,yes,mvn_lpw_l2_mrgscpot_20160518_v02_r02.cdf,2,2,3,ok
2016-05-19,yes,mvn_lpw_l2_mrgscpot_20160519_v02_r02.cdf,2,2,3,ok
2016-05-20,yes,mvn_lpw_l2_mrgscpot_20160520_v02_r02.cdf,2,2,3,ok
2016-05-21,yes,mvn_lpw_l2_mrgscpot_20160521_v02_r02.cdf,2,2,3,ok
2016-05-22,yes,mvn_lpw_l2_mrgscpot_20160522_v02_r02.cdf,2,2,3,ok
2016-05-23,yes,mvn_lpw_l2_mrgscpot_20160523_v02_r02.cdf,2,2,3,ok
2016-05-24,yes,mvn_lpw_l2_mrgscpot_20160524_v02_r02.cdf,2,2,3,ok
2016-05-25,yes,mvn_lpw_l2_mrgscpot_20160525_v02_r02.cdf,2,2,3,ok
2016-05-26,yes,mvn_lpw_l2_mrgscpot_20160526_v02_r02.cdf,2,2,3,ok
2016-05-27,yes,mvn_lpw_l2_mrgscpot_20160527_v02_r02.cdf,2,2,3,ok
2016-05-28,yes,mvn_lpw_l2_mrgscpot_20160528_v02_r02.cdf,2,2,3,ok
2016-05-29,yes,mvn_lpw_l2_mrgscpot_20160529_v02_r03.cdf,2,3,10,ok
2016-05-30,yes,mvn_lpw_l2_mrgscpot_20160530_v02_r02.cdf,2,2,3,ok
2016-05-31,yes,mvn_lpw_l2_mrgscpot_20160531_v02_r02.cdf,2,2,3,ok
2016-06-01,yes,mvn_lpw_l2_mrgscpot_20160601_v02_r02.cdf,2,2,3,ok
2016-06-02,yes,mvn_lpw_l2_mrgscpot_20160602_v02_r02.cdf,2,2,3,ok
2016-06-03,yes,mvn_lpw_l2_mrgscpot_20160603_v02_r02.cdf,2,2,3,ok
2016-06-04,yes,mvn_lpw_l2_mrgscpot_20160604_v02_r02.cdf,2,2,3,ok
2016-06-05,yes,mvn_lpw_l2_mrgscpot_20160605_v02_r02.cdf,2,2,3,ok
2016-06-06,yes,mvn_lpw_l2_mrgscpot_20160606_v02_r02.cdf,2,2,3,ok
2016-06-07,yes,mvn_lpw_l2_mrgscpot_20160607_v02_r02.cdf,2,2,3,ok
2016-06-08,yes,mvn_lpw_l2_mrgscpot_20160608_v02_r02.cdf,2,2,3,ok
2016-06-09,yes,mvn_lpw_l2_mrgscpot_20160609_v02_r02.cdf,2,2,3,ok
2016-06-10,yes,mvn_lpw_l2_mrgscpot_20160610_v02_r02.cdf,2,2,3,ok
2016-06-11,yes,mvn_lpw_l2_mrgscpot_20160611_v02_r02.cdf,2,2,3,ok
2016-06-12,yes,mvn_lpw_l2_mrgscpot_20160612_v02_r02.cdf,2,2,3,ok
2016-06-13,yes,mvn_lpw_l2_mrgscpot_20160613_v02_r02.cdf,2,2,3,ok
2016-06-14,yes,mvn_lpw_l2_mrgscpot_20160614_v02_r02.cdf,2,2,3,ok
2016-06-15,yes,mvn_lpw_l2_mrgscpot_20160615_v02_r02.cdf,2,2,3,ok
2016-06-16,yes,mvn_lpw_l2_mrgscpot_20160616_v02_r02.cdf,2,2,3,ok
2016-06-17,yes,mvn_lpw_l2_mrgscpot_20160617_v02_r02.cdf,2,2,3,ok
2016-06-18,yes,mvn_lpw_l2_mrgscpot_20160618_v02_r03.cdf,2,3,3,ok
2016-06-19,yes,mvn_lpw_l2_mrgscpot_20160619_v02_r03.cdf,2,3,3,ok
2016-06-20,yes,mvn_lpw_l2_mrgscpot_20160620_v02_r03.cdf,2,3,3,ok
2016-06-21,yes,mvn_lpw_l2_mrgscpot_20160621_v02_r03.cdf,2,3,3,ok
2016-06-22,yes,mvn_lpw_l2_mrgscpot_20160622_v02_r03.cdf,2,3,9,ok
2016-06-23,yes,mvn_lpw_l2_mrgscpot_20160623_v02_r03.cdf,2,3,3,ok
2016-06-24,yes,mvn_lpw_l2_mrgscpot_20160624_v02_r03.cdf,2,3,3,ok
2016-06-25,yes,mvn_lpw_l2_mrgscpot_20160625_v02_r03.cdf,2,3,3,ok
2016-06-26,yes,mvn_lpw_l2_mrgscpot_20160626_v02_r03.cdf,2,3,3,ok
2016-06-27,yes,mvn_lpw_l2_mrgscpot_20160627_v02_r03.cdf,2,3,3,ok
2016-06-28,yes,mvn_lpw_l2_mrgscpot_20160628_v02_r03.cdf,2,3,3,ok
2016-06-29,yes,mvn_lpw_l2_mrgscpot_20160629_v02_r03.cdf,2,3,3,ok
2016-06-30,yes,mvn_lpw_l2_mrgscpot_20160630_v02_r03.cdf,2,3,3,ok
2016-07-01,yes,mvn_lpw_l2_mrgscpot_20160701_v02_r03.cdf,2,3,3,ok
2016-07-02,yes,mvn_lpw_l2_mrgscpot_20160702_v02_r03.cdf,2,3,3,ok
2016-07-03,yes,mvn_lpw_l2_mrgscpot_20160703_v02_r03.cdf,2,3,3,ok
2016-07-04,yes,mvn_lpw_l2_mrgscpot_20160704_v02_r03.cdf,2,3,3,ok
2016-07-05,yes,mvn_lpw_l2_mrgscpot_20160705_v02_r03.cdf,2,3,3,ok
2016-07-06,yes,mvn_lpw_l2_mrgscpot_20160706_v02_r03.cdf,2,3,3,ok
2016-07-07,yes,mvn_lpw_l2_mrgscpot_20160707_v02_r03.cdf,2,3,3,ok
2016-07-08,yes,mvn_lpw_l2_mrgscpot_20160708_v02_r03.cdf,2,3,4,ok
2016-07-09,yes,mvn_lpw_l2_mrgscpot_20160709_v02_r03.cdf,2,3,3,ok
2016-07-10,yes,mvn_lpw_l2_mrgscpot_20160710_v02_r03.cdf,2,3,3,ok
2016-07-11,yes,mvn_lpw_l2_mrgscpot_20160711_v02_r03.cdf,2,3,3,ok
2016-07-12,yes,mvn_lpw_l2_mrgscpot_20160712_v02_r03.cdf,2,3,3,ok
2016-07-13,yes,mvn_lpw_l2_mrgscpot_20160713_v02_r03.cdf,2,3,3,ok
2016-07-14,yes,mvn_lpw_l2_mrgscpot_20160714_v02_r03.cdf,2,3,3,ok
2016-07-15,yes,mvn_lpw_l2_mrgscpot_20160715_v02_r03.cdf,2,3,3,ok
2016-07-16,yes,mvn_lpw_l2_mrgscpot_20160716_v02_r03.cdf,2,3,3,ok
2016-07-17,yes,mvn_lpw_l2_mrgscpot_20160717_v02_r03.cdf,2,3,3,ok
2016-07-18,yes,mvn_lpw_l2_mrgscpot_20160718_v02_r03.cdf,2,3,3,ok
2016-07-19,yes,mvn_lpw_l2_mrgscpot_20160719_v02_r03.cdf,2,3,3,ok
2016-07-20,yes,mvn_lpw_l2_mrgscpot_20160720_v02_r03.cdf,2,3,3,ok
2016-07-21,yes,mvn_lpw_l2_mrgscpot_20160721_v02_r03.cdf,2,3,10,ok
2016-07-22,yes,mvn_lpw_l2_mrgscpot_20160722_v02_r03.cdf,2,3,3,ok
2016-07-23,yes,mvn_lpw_l2_mrgscpot_20160723_v02_r03.cdf,2,3,3,ok
2016-07-24,yes,mvn_lpw_l2_mrgscpot_20160724_v02_r03.cdf,2,3,3,ok
2016-07-25,yes,mvn_lpw_l2_mrgscpot_20160725_v02_r03.cdf,2,3,3,ok
2016-07-26,yes,mvn_lpw_l2_mrgscpot_20160726_v02_r03.cdf,2,3,3,ok
2016-07-27,yes,mvn_lpw_l2_mrgscpot_20160727_v02_r03.cdf,2,3,3,ok
2016-07-28,yes,mvn_lpw_l2_mrgscpot_20160728_v02_r03.cdf,2,3,3,ok
2016-07-29,yes,mvn_lpw_l2_mrgscpot_20160729_v02_r03.cdf,2,3,3,ok
2016-07-30,yes,mvn_lpw_l2_mrgscpot_20160730_v02_r03.cdf,2,3,3,ok
2016-07-31,yes,mvn_lpw_l2_mrgscpot_20160731_v02_r03.cdf,2,3,3,ok
2016-08-01,yes,mvn_lpw_l2_mrgscpot_20160801_v02_r04.cdf,2,4,3,ok
2016-08-02,yes,mvn_lpw_l2_mrgscpot_20160802_v02_r04.cdf,2,4,3,ok
2016-08-03,yes,mvn_lpw_l2_mrgscpot_20160803_v02_r04.cdf,2,4,3,ok
2016-08-04,yes,mvn_lpw_l2_mrgscpot_20160804_v02_r04.cdf,2,4,10,ok
2016-08-05,yes,mvn_lpw_l2_mrgscpot_20160805_v02_r04.cdf,2,4,3,ok
2016-08-06,yes,mvn_lpw_l2_mrgscpot_20160806_v02_r04.cdf,2,4,3,ok
2016-08-07,yes,mvn_lpw_l2_mrgscpot_20160807_v02_r04.cdf,2,4,3,ok
2016-08-08,yes,mvn_lpw_l2_mrgscpot_20160808_v02_r04.cdf,2,4,3,ok
2016-08-09,yes,mvn_lpw_l2_mrgscpot_20160809_v02_r04.cdf,2,4,3,ok
2016-08-10,yes,mvn_lpw_l2_mrgscpot_20160810_v02_r04.cdf,2,4,3,ok
2016-08-11,yes,mvn_lpw_l2_mrgscpot_20160811_v02_r04.cdf,2,4,3,ok
2016-08-12,yes,mvn_lpw_l2_mrgscpot_20160812_v02_r04.cdf,2,4,3,ok
2016-08-13,yes,mvn_lpw_l2_mrgscpot_20160813_v02_r04.cdf,2,4,3,ok
2016-08-14,yes,mvn_lpw_l2_mrgscpot_20160814_v02_r04.cdf,2,4,3,ok
2016-08-15,yes,mvn_lpw_l2_mrgscpot_20160815_v02_r04.cdf,2,4,3,ok
2016-08-16,yes,mvn_lpw_l2_mrgscpot_20160816_v02_r05.cdf,2,5,3,ok
2016-08-17,yes,mvn_lpw_l2_mrgscpot_20160817_v02_r04.cdf,2,4,3,ok
2016-08-18,yes,mvn_lpw_l2_mrgscpot_20160818_v02_r05.cdf,2,5,3,ok
2016-08-19,yes,mvn_lpw_l2_mrgscpot_20160819_v02_r05.cdf,2,5,3,ok
2016-08-20,yes,mvn_lpw_l2_mrgscpot_20160820_v02_r04.cdf,2,4,3,ok
2016-08-21,yes,mvn_lpw_l2_mrgscpot_20160821_v02_r04.cdf,2,4,3,ok
2016-08-22,yes,mvn_lpw_l2_mrgscpot_20160822_v02_r04.cdf,2,4,3,ok
2016-08-23,yes,mvn_lpw_l2_mrgscpot_20160823_v02_r04.cdf,2,4,3,ok
2016-08-24,yes,mvn_lpw_l2_mrgscpot_20160824_v02_r04.cdf,2,4,3,ok
2016-08-25,yes,mvn_lpw_l2_mrgscpot_20160825_v02_r04.cdf,2,4,3,ok
2016-08-26,yes,mvn_lpw_l2_mrgscpot_20160826_v02_r04.cdf,2,4,3,ok
2016-08-27,yes,mvn_lpw_l2_mrgscpot_20160827_v02_r04.cdf,2,4,3,ok
2016-08-28,yes,mvn_lpw_l2_mrgscpot_20160828_v02_r04.cdf,2,4,3,ok
2016-08-29,yes,mvn_lpw_l2_mrgscpot_20160829_v02_r04.cdf,2,4,3,ok
2016-08-30,yes,mvn_lpw_l2_mrgscpot_20160830_v02_r04.cdf,2,4,3,ok
2016-08-31,yes,mvn_lpw_l2_mrgscpot_20160831_v02_r04.cdf,2,4,3,ok
2016-09-01,yes,mvn_lpw_l2_mrgscpot_20160901_v02_r05.cdf,2,5,3,ok
2016-09-02,yes,mvn_lpw_l2_mrgscpot_20160902_v02_r05.cdf,2,5,3,ok
2016-09-03,yes,mvn_lpw_l2_mrgscpot_20160903_v02_r05.cdf,2,5,3,ok
2016-09-04,yes,mvn_lpw_l2_mrgscpot_20160904_v02_r05.cdf,2,5,3,ok
2016-09-05,yes,mvn_lpw_l2_mrgscpot_20160905_v02_r05.cdf,2,5,3,ok
2016-09-06,yes,mvn_lpw_l2_mrgscpot_20160906_v02_r05.cdf,2,5,3,ok
2016-09-07,yes,mvn_lpw_l2_mrgscpot_20160907_v02_r05.cdf,2,5,3,ok
2016-09-08,yes,mvn_lpw_l2_mrgscpot_20160908_v02_r05.cdf,2,5,3,ok
2016-09-09,yes,mvn_lpw_l2_mrgscpot_20160909_v02_r05.cdf,2,5,3,ok
2016-09-10,yes,mvn_lpw_l2_mrgscpot_20160910_v02_r05.cdf,2,5,3,ok
2016-09-11,yes,mvn_lpw_l2_mrgscpot_20160911_v02_r05.cdf,2,5,3,ok
2016-09-12,yes,mvn_lpw_l2_mrgscpot_20160912_v02_r02.cdf,2,2,3,ok
2016-09-13,yes,mvn_lpw_l2_mrgscpot_20160913_v02_r05.cdf,2,5,3,ok
2016-09-14,yes,mvn_lpw_l2_mrgscpot_20160914_v02_r05.cdf,2,5,3,ok
2016-09-15,yes,mvn_lpw_l2_mrgscpot_20160915_v02_r05.cdf,2,5,3,ok
2016-09-16,yes,mvn_lpw_l2_mrgscpot_20160916_v02_r05.cdf,2,5,3,ok
2016-09-17,yes,mvn_lpw_l2_mrgscpot_20160917_v02_r05.cdf,2,5,10,ok
2016-09-18,yes,mvn_lpw_l2_mrgscpot_20160918_v02_r05.cdf,2,5,3,ok
2016-09-19,yes,mvn_lpw_l2_mrgscpot_20160919_v02_r05.cdf,2,5,3,ok
2016-09-20,yes,mvn_lpw_l2_mrgscpot_20160920_v02_r05.cdf,2,5,3,ok
2016-09-21,yes,mvn_lpw_l2_mrgscpot_20160921_v02_r05.cdf,2,5,3,ok
2016-09-22,yes,mvn_lpw_l2_mrgscpot_20160922_v02_r05.cdf,2,5,3,ok
2016-09-23,yes,mvn_lpw_l2_mrgscpot_20160923_v02_r05.cdf,2,5,3,ok
2016-09-24,yes,mvn_lpw_l2_mrgscpot_20160924_v02_r05.cdf,2,5,3,ok
2016-09-25,yes,mvn_lpw_l2_mrgscpot_20160925_v02_r04.cdf,2,4,3,ok
2016-09-26,yes,mvn_lpw_l2_mrgscpot_20160926_v02_r04.cdf,2,4,3,ok
2016-09-27,yes,mvn_lpw_l2_mrgscpot_20160927_v02_r04.cdf,2,4,3,ok
2016-09-28,yes,mvn_lpw_l2_mrgscpot_20160928_v02_r04.cdf,2,4,3,ok
2016-09-29,yes,mvn_lpw_l2_mrgscpot_20160929_v02_r04.cdf,2,4,3,ok
2016-09-30,yes,mvn_lpw_l2_mrgscpot_20160930_v02_r05.cdf,2,5,3,ok
2016-10-01,yes,mvn_lpw_l2_mrgscpot_20161001_v02_r06.cdf,2,6,3,ok
2016-10-02,yes,mvn_lpw_l2_mrgscpot_20161002_v02_r06.cdf,2,6,3,ok
2016-10-03,yes,mvn_lpw_l2_mrgscpot_20161003_v02_r06.cdf,2,6,3,ok
2016-10-04,yes,mvn_lpw_l2_mrgscpot_20161004_v02_r06.cdf,2,6,3,ok
2016-10-05,yes,mvn_lpw_l2_mrgscpot_20161005_v02_r06.cdf,2,6,7,ok
2016-10-06,yes,mvn_lpw_l2_mrgscpot_20161006_v02_r06.cdf,2,6,3,ok
2016-10-07,yes,mvn_lpw_l2_mrgscpot_20161007_v02_r06.cdf,2,6,3,ok
2016-10-08,yes,mvn_lpw_l2_mrgscpot_20161008_v02_r06.cdf,2,6,3,ok
2016-10-09,yes,mvn_lpw_l2_mrgscpot_20161009_v02_r06.cdf,2,6,3,ok
2016-10-10,yes,mvn_lpw_l2_mrgscpot_20161010_v02_r07.cdf,2,7,3,ok
2016-10-11,yes,mvn_lpw_l2_mrgscpot_20161011_v02_r06.cdf,2,6,3,ok
2016-10-12,yes,mvn_lpw_l2_mrgscpot_20161012_v02_r06.cdf,2,6,3,ok
2016-10-13,yes,mvn_lpw_l2_mrgscpot_20161013_v02_r06.cdf,2,6,3,ok
2016-10-14,yes,mvn_lpw_l2_mrgscpot_20161014_v02_r06.cdf,2,6,3,ok
2016-10-15,yes,mvn_lpw_l2_mrgscpot_20161015_v02_r06.cdf,2,6,3,ok
2016-10-16,yes,mvn_lpw_l2_mrgscpot_20161016_v02_r06.cdf,2,6,3,ok
2016-10-17,yes,mvn_lpw_l2_mrgscpot_20161017_v02_r06.cdf,2,6,3,ok
2016-10-18,yes,mvn_lpw_l2_mrgscpot_20161018_v02_r06.cdf,2,6,3,ok
2016-10-19,yes,mvn_lpw_l2_mrgscpot_20161019_v02_r06.cdf,2,6,3,ok
2016-10-20,yes,mvn_lpw_l2_mrgscpot_20161020_v02_r06.cdf,2,6,3,ok
2016-10-21,yes,mvn_lpw_l2_mrgscpot_20161021_v02_r06.cdf,2,6,3,ok
2016-10-22,yes,mvn_lpw_l2_mrgscpot_20161022_v02_r06.cdf,2,6,3,ok
2016-10-23,yes,mvn_lpw_l2_mrgscpot_20161023_v02_r06.cdf,2,6,3,ok
2016-10-24,yes,mvn_lpw_l2_mrgscpot_20161024_v02_r06.cdf,2,6,3,ok
2016-10-25,yes,mvn_lpw_l2_mrgscpot_20161025_v02_r06.cdf,2,6,3,ok
2016-10-26,yes,mvn_lpw_l2_mrgscpot_20161026_v02_r06.cdf,2,6,3,ok
2016-10-27,yes,mvn_lpw_l2_mrgscpot_20161027_v02_r06.cdf,2,6,3,ok
2016-10-28,yes,mvn_lpw_l2_mrgscpot_20161028_v02_r06.cdf,2,6,3,ok
2016-10-29,yes,mvn_lpw_l2_mrgscpot_20161029_v02_r06.cdf,2,6,3,ok
2016-10-30,yes,mvn_lpw_l2_mrgscpot_20161030_v02_r05.cdf,2,5,3,ok
2016-10-31,yes,mvn_lpw_l2_mrgscpot_20161031_v02_r05.cdf,2,5,3,ok
2016-11-01,yes,mvn_lpw_l2_mrgscpot_20161101_v02_r06.cdf,2,6,10,ok
2016-11-02,yes,mvn_lpw_l2_mrgscpot_20161102_v02_r06.cdf,2,6,10,ok
2016-11-03,yes,mvn_lpw_l2_mrgscpot_20161103_v02_r06.cdf,2,6,10,ok
2016-11-04,yes,mvn_lpw_l2_mrgscpot_20161104_v02_r06.cdf,2,6,3,ok
2016-11-05,yes,mvn_lpw_l2_mrgscpot_20161105_v02_r06.cdf,2,6,3,ok
2016-11-06,yes,mvn_lpw_l2_mrgscpot_20161106_v02_r05.cdf,2,5,3,ok
2016-11-07,yes,mvn_lpw_l2_mrgscpot_20161107_v02_r05.cdf,2,5,3,ok
2016-11-08,yes,mvn_lpw_l2_mrgscpot_20161108_v02_r06.cdf,2,6,3,ok
2016-11-09,yes,mvn_lpw_l2_mrgscpot_20161109_v02_r05.cdf,2,5,3,ok
2016-11-10,yes,mvn_lpw_l2_mrgscpot_20161110_v02_r05.cdf,2,5,3,ok
2016-11-11,yes,mvn_lpw_l2_mrgscpot_20161111_v02_r05.cdf,2,5,3,ok
2016-11-12,yes,mvn_lpw_l2_mrgscpot_20161112_v02_r05.cdf,2,5,3,ok
2016-11-13,yes,mvn_lpw_l2_mrgscpot_20161113_v02_r05.cdf,2,5,3,ok
2016-11-14,yes,mvn_lpw_l2_mrgscpot_20161114_v02_r05.cdf,2,5,3,ok
2016-11-15,yes,mvn_lpw_l2_mrgscpot_20161115_v02_r05.cdf,2,5,3,ok
2016-11-16,yes,mvn_lpw_l2_mrgscpot_20161116_v02_r05.cdf,2,5,3,ok
2016-11-17,yes,mvn_lpw_l2_mrgscpot_20161117_v02_r05.cdf,2,5,3,ok
2016-11-18,yes,mvn_lpw_l2_mrgscpot_20161118_v02_r04.cdf,2,4,3,ok
2016-11-19,yes,mvn_lpw_l2_mrgscpot_20161119_v02_r04.cdf,2,4,3,ok
2016-11-20,yes,mvn_lpw_l2_mrgscpot_20161120_v02_r04.cdf,2,4,3,ok
2016-11-21,yes,mvn_lpw_l2_mrgscpot_20161121_v02_r04.cdf,2,4,3,ok
2016-11-22,yes,mvn_lpw_l2_mrgscpot_20161122_v02_r04.cdf,2,4,3,ok
2016-11-23,yes,mvn_lpw_l2_mrgscpot_20161123_v02_r04.cdf,2,4,3,ok
2016-11-24,yes,mvn_lpw_l2_mrgscpot_20161124_v02_r04.cdf,2,4,3,ok
2016-11-25,yes,mvn_lpw_l2_mrgscpot_20161125_v02_r04.cdf,2,4,3,ok
2016-11-26,yes,mvn_lpw_l2_mrgscpot_20161126_v02_r04.cdf,2,4,3,ok
2016-11-27,yes,mvn_lpw_l2_mrgscpot_20161127_v02_r04.cdf,2,4,3,ok
2016-11-28,yes,mvn_lpw_l2_mrgscpot_20161128_v02_r05.cdf,2,5,3,ok
2016-11-29,yes,mvn_lpw_l2_mrgscpot_20161129_v02_r05.cdf,2,5,3,ok
2016-11-30,yes,mvn_lpw_l2_mrgscpot_20161130_v02_r05.cdf,2,5,3,ok
2016-12-01,yes,mvn_lpw_l2_mrgscpot_20161201_v02_r05.cdf,2,5,10,ok
2016-12-02,yes,mvn_lpw_l2_mrgscpot_20161202_v02_r05.cdf,2,5,3,ok
2016-12-03,yes,mvn_lpw_l2_mrgscpot_20161203_v02_r04.cdf,2,4,3,ok
2016-12-04,yes,mvn_lpw_l2_mrgscpot_20161204_v02_r04.cdf,2,4,3,ok
2016-12-05,yes,mvn_lpw_l2_mrgscpot_20161205_v02_r05.cdf,2,5,3,ok
2016-12-06,yes,mvn_lpw_l2_mrgscpot_20161206_v02_r05.cdf,2,5,3,ok
2016-12-07,yes,mvn_lpw_l2_mrgscpot_20161207_v02_r04.cdf,2,4,3,ok
2016-12-08,yes,mvn_lpw_l2_mrgscpot_20161208_v02_r04.cdf,2,4,3,ok
2016-12-09,yes,mvn_lpw_l2_mrgscpot_20161209_v02_r04.cdf,2,4,3,ok
2016-12-10,yes,mvn_lpw_l2_mrgscpot_20161210_v02_r04.cdf,2,4,3,ok
2016-12-11,yes,mvn_lpw_l2_mrgscpot_20161211_v02_r04.cdf,2,4,3,ok
2016-12-12,yes,mvn_lpw_l2_mrgscpot_20161212_v02_r04.cdf,2,4,3,ok
2016-12-13,yes,mvn_lpw_l2_mrgscpot_20161213_v02_r04.cdf,2,4,3,ok
2016-12-14,yes,mvn_lpw_l2_mrgscpot_20161214_v02_r05.cdf,2,5,3,ok
2016-12-15,yes,mvn_lpw_l2_mrgscpot_20161215_v02_r05.cdf,2,5,3,ok
2016-12-16,yes,mvn_lpw_l2_mrgscpot_20161216_v02_r04.cdf,2,4,3,ok
2016-12-17,yes,mvn_lpw_l2_mrgscpot_20161217_v02_r04.cdf,2,4,3,ok
2016-12-18,yes,mvn_lpw_l2_mrgscpot_20161218_v02_r04.cdf,2,4,3,ok
2016-12-19,yes,mvn_lpw_l2_mrgscpot_20161219_v02_r04.cdf,2,4,3,ok
2016-12-20,yes,mvn_lpw_l2_mrgscpot_20161220_v02_r04.cdf,2,4,3,ok
2016-12-21,yes,mvn_lpw_l2_mrgscpot_20161221_v02_r04.cdf,2,4,3,ok
2016-12-22,yes,mvn_lpw_l2_mrgscpot_20161222_v02_r04.cdf,2,4,3,ok
2016-12-23,yes,mvn_lpw_l2_mrgscpot_20161223_v02_r04.cdf,2,4,3,ok
2016-12-24,yes,mvn_lpw_l2_mrgscpot_20161224_v02_r04.cdf,2,4,3,ok
2016-12-25,yes,mvn_lpw_l2_mrgscpot_20161225_v02_r04.cdf,2,4,3,ok
2016-12-26,yes,mvn_lpw_l2_mrgscpot_20161226_v02_r04.cdf,2,4,3,ok
2016-12-27,yes,mvn_lpw_l2_mrgscpot_20161227_v02_r04.cdf,2,4,3,ok
2016-12-28,yes,mvn_lpw_l2_mrgscpot_20161228_v02_r04.cdf,2,4,3,ok
2016-12-29,yes,mvn_lpw_l2_mrgscpot_20161229_v02_r04.cdf,2,4,3,ok
2016-12-30,yes,mvn_lpw_l2_mrgscpot_20161230_v02_r04.cdf,2,4,3,ok
2016-12-31,yes,mvn_lpw_l2_mrgscpot_20161231_v02_r02.cdf,2,2,3,ok
2017-01-01,yes,mvn_lpw_l2_mrgscpot_20170101_v02_r04.cdf,2,4,7,ok
2017-01-02,yes,mvn_lpw_l2_mrgscpot_20170102_v02_r09.cdf,2,9,3,ok
2017-01-03,yes,mvn_lpw_l2_mrgscpot_20170103_v02_r08.cdf,2,8,3,ok
2017-01-04,yes,mvn_lpw_l2_mrgscpot_20170104_v02_r08.cdf,2,8,3,ok
2017-01-05,yes,mvn_lpw_l2_mrgscpot_20170105_v02_r08.cdf,2,8,3,ok
2017-01-06,yes,mvn_lpw_l2_mrgscpot_20170106_v02_r08.cdf,2,8,3,ok
2017-01-07,yes,mvn_lpw_l2_mrgscpot_20170107_v02_r08.cdf,2,8,3,ok
2017-01-08,yes,mvn_lpw_l2_mrgscpot_20170108_v02_r08.cdf,2,8,3,ok
2017-01-09,yes,mvn_lpw_l2_mrgscpot_20170109_v02_r08.cdf,2,8,3,ok
2017-01-10,yes,mvn_lpw_l2_mrgscpot_20170110_v02_r07.cdf,2,7,3,ok
2017-01-11,yes,mvn_lpw_l2_mrgscpot_20170111_v02_r07.cdf,2,7,3,ok
2017-01-12,yes,mvn_lpw_l2_mrgscpot_20170112_v02_r07.cdf,2,7,3,ok
2017-01-13,yes,mvn_lpw_l2_mrgscpot_20170113_v02_r02.cdf,2,2,7,ok
2017-01-14,yes,mvn_lpw_l2_mrgscpot_20170114_v02_r08.cdf,2,8,3,ok
2017-01-15,yes,mvn_lpw_l2_mrgscpot_20170115_v02_r08.cdf,2,8,3,ok
2017-01-16,yes,mvn_lpw_l2_mrgscpot_20170116_v02_r03.cdf,2,3,3,ok
2017-01-17,yes,mvn_lpw_l2_mrgscpot_20170117_v02_r07.cdf,2,7,3,ok
2017-01-18,yes,mvn_lpw_l2_mrgscpot_20170118_v02_r07.cdf,2,7,3,ok
2017-01-19,yes,mvn_lpw_l2_mrgscpot_20170119_v02_r07.cdf,2,7,3,ok
2017-01-20,yes,mvn_lpw_l2_mrgscpot_20170120_v02_r08.cdf,2,8,3,ok
2017-01-21,yes,mvn_lpw_l2_mrgscpot_20170121_v02_r07.cdf,2,7,3,ok
2017-01-22,yes,mvn_lpw_l2_mrgscpot_20170122_v02_r06.cdf,2,6,3,ok
2017-01-23,yes,mvn_lpw_l2_mrgscpot_20170123_v02_r07.cdf,2,7,3,ok
2017-01-24,yes,mvn_lpw_l2_mrgscpot_20170124_v02_r07.cdf,2,7,3,ok
2017-01-25,yes,mvn_lpw_l2_mrgscpot_20170125_v02_r05.cdf,2,5,3,ok
2017-01-26,yes,mvn_lpw_l2_mrgscpot_20170126_v02_r05.cdf,2,5,3,ok
2017-01-27,yes,mvn_lpw_l2_mrgscpot_20170127_v02_r06.cdf,2,6,3,ok
2017-01-28,yes,mvn_lpw_l2_mrgscpot_20170128_v02_r06.cdf,2,6,3,ok
2017-01-29,yes,mvn_lpw_l2_mrgscpot_20170129_v02_r05.cdf,2,5,3,ok
2017-01-30,yes,mvn_lpw_l2_mrgscpot_20170130_v02_r05.cdf,2,5,3,ok
2017-01-31,yes,mvn_lpw_l2_mrgscpot_20170131_v02_r02.cdf,2,2,3,ok
2017-02-01,yes,mvn_lpw_l2_mrgscpot_20170201_v02_r05.cdf,2,5,10,ok
2017-02-02,yes,mvn_lpw_l2_mrgscpot_20170202_v02_r07.cdf,2,7,3,ok
2017-02-03,yes,mvn_lpw_l2_mrgscpot_20170203_v02_r07.cdf,2,7,3,ok
2017-02-04,yes,mvn_lpw_l2_mrgscpot_20170204_v02_r07.cdf,2,7,3,ok
2017-02-05,yes,mvn_lpw_l2_mrgscpot_20170205_v02_r07.cdf,2,7,3,ok
2017-02-06,yes,mvn_lpw_l2_mrgscpot_20170206_v02_r07.cdf,2,7,3,ok
2017-02-07,yes,mvn_lpw_l2_mrgscpot_20170207_v02_r07.cdf,2,7,3,ok
2017-02-08,yes,mvn_lpw_l2_mrgscpot_20170208_v02_r05.cdf,2,5,9,ok
2017-02-09,yes,mvn_lpw_l2_mrgscpot_20170209_v02_r07.cdf,2,7,3,ok
2017-02-10,yes,mvn_lpw_l2_mrgscpot_20170210_v02_r07.cdf,2,7,3,ok
2017-02-11,yes,mvn_lpw_l2_mrgscpot_20170211_v02_r06.cdf,2,6,3,ok
2017-02-12,yes,mvn_lpw_l2_mrgscpot_20170212_v02_r06.cdf,2,6,3,ok
2017-02-13,yes,mvn_lpw_l2_mrgscpot_20170213_v02_r07.cdf,2,7,3,ok
2017-02-14,yes,mvn_lpw_l2_mrgscpot_20170214_v02_r07.cdf,2,7,3,ok
2017-02-15,yes,mvn_lpw_l2_mrgscpot_20170215_v02_r07.cdf,2,7,3,ok
2017-02-16,yes,mvn_lpw_l2_mrgscpot_20170216_v02_r07.cdf,2,7,3,ok
2017-02-17,yes,mvn_lpw_l2_mrgscpot_20170217_v02_r07.cdf,2,7,3,ok
2017-02-18,yes,mvn_lpw_l2_mrgscpot_20170218_v02_r07.cdf,2,7,3,ok
2017-02-19,yes,mvn_lpw_l2_mrgscpot_20170219_v02_r07.cdf,2,7,3,ok
2017-02-20,yes,mvn_lpw_l2_mrgscpot_20170220_v02_r07.cdf,2,7,3,ok
2017-02-21,yes,mvn_lpw_l2_mrgscpot_20170221_v02_r06.cdf,2,6,3,ok
2017-02-22,yes,mvn_lpw_l2_mrgscpot_20170222_v02_r06.cdf,2,6,3,ok
2017-02-23,yes,mvn_lpw_l2_mrgscpot_20170223_v02_r05.cdf,2,5,3,ok
2017-02-24,yes,mvn_lpw_l2_mrgscpot_20170224_v02_r05.cdf,2,5,3,ok
2017-02-25,yes,mvn_lpw_l2_mrgscpot_20170225_v02_r05.cdf,2,5,3,ok
2017-02-26,yes,mvn_lpw_l2_mrgscpot_20170226_v02_r05.cdf,2,5,3,ok
2017-02-27,yes,mvn_lpw_l2_mrgscpot_20170227_v02_r05.cdf,2,5,3,ok
2017-02-28,yes,mvn_lpw_l2_mrgscpot_20170228_v02_r05.cdf,2,5,10,ok
2017-03-01,yes,mvn_lpw_l2_mrgscpot_20170301_v02_r07.cdf,2,7,3,ok
2017-03-02,yes,mvn_lpw_l2_mrgscpot_20170302_v02_r06.cdf,2,6,3,ok
2017-03-03,yes,mvn_lpw_l2_mrgscpot_20170303_v02_r06.cdf,2,6,3,ok
2017-03-04,yes,mvn_lpw_l2_mrgscpot_20170304_v02_r06.cdf,2,6,3,ok
2017-03-05,yes,mvn_lpw_l2_mrgscpot_20170305_v02_r06.cdf,2,6,3,ok
2017-03-06,yes,mvn_lpw_l2_mrgscpot_20170306_v02_r06.cdf,2,6,3,ok
2017-03-07,yes,mvn_lpw_l2_mrgscpot_20170307_v02_r06.cdf,2,6,3,ok
2017-03-08,yes,mvn_lpw_l2_mrgscpot_20170308_v02_r06.cdf,2,6,3,ok
2017-03-09,yes,mvn_lpw_l2_mrgscpot_20170309_v02_r06.cdf,2,6,7,ok
2017-03-10,yes,mvn_lpw_l2_mrgscpot_20170310_v02_r06.cdf,2,6,3,ok
2017-03-11,yes,mvn_lpw_l2_mrgscpot_20170311_v02_r06.cdf,2,6,3,ok
2017-03-12,yes,mvn_lpw_l2_mrgscpot_20170312_v02_r06.cdf,2,6,3,ok
2017-03-13,yes,mvn_lpw_l2_mrgscpot_20170313_v02_r06.cdf,2,6,3,ok
2017-03-14,yes,mvn_lpw_l2_mrgscpot_20170314_v02_r06.cdf,2,6,3,ok
2017-03-15,yes,mvn_lpw_l2_mrgscpot_20170315_v02_r06.cdf,2,6,3,ok
2017-03-16,yes,mvn_lpw_l2_mrgscpot_20170316_v02_r06.cdf,2,6,3,ok
2017-03-17,yes,mvn_lpw_l2_mrgscpot_20170317_v02_r06.cdf,2,6,3,ok
2017-03-18,yes,mvn_lpw_l2_mrgscpot_20170318_v02_r06.cdf,2,6,3,ok
2017-03-19,yes,mvn_lpw_l2_mrgscpot_20170319_v02_r06.cdf,2,6,3,ok
2017-03-20,yes,mvn_lpw_l2_mrgscpot_20170320_v02_r06.cdf,2,6,3,ok
2017-03-21,yes,mvn_lpw_l2_mrgscpot_20170321_v02_r02.cdf,2,2,3,ok
2017-03-22,yes,mvn_lpw_l2_mrgscpot_20170322_v02_r05.cdf,2,5,10,ok
2017-03-23,yes,mvn_lpw_l2_mrgscpot_20170323_v02_r05.cdf,2,5,3,ok
2017-03-24,yes,mvn_lpw_l2_mrgscpot_20170324_v02_r05.cdf,2,5,7,ok
2017-03-25,yes,mvn_lpw_l2_mrgscpot_20170325_v02_r05.cdf,2,5,3,ok
2017-03-26,yes,mvn_lpw_l2_mrgscpot_20170326_v02_r05.cdf,2,5,3,ok
2017-03-27,yes,mvn_lpw_l2_mrgscpot_20170327_v02_r05.cdf,2,5,3,ok
2017-03-28,yes,mvn_lpw_l2_mrgscpot_20170328_v02_r05.cdf,2,5,3,ok
2017-03-29,yes,mvn_lpw_l2_mrgscpot_20170329_v02_r05.cdf,2,5,3,ok
2017-03-30,yes,mvn_lpw_l2_mrgscpot_20170330_v02_r04.cdf,2,4,3,ok
2017-03-31,yes,mvn_lpw_l2_mrgscpot_20170331_v02_r04.cdf,2,4,3,ok
2017-04-01,yes,mvn_lpw_l2_mrgscpot_20170401_v02_r04.cdf,2,4,10,ok
2017-04-02,yes,mvn_lpw_l2_mrgscpot_20170402_v02_r04.cdf,2,4,3,ok
2017-04-03,yes,mvn_lpw_l2_mrgscpot_20170403_v02_r04.cdf,2,4,3,ok
2017-04-04,yes,mvn_lpw_l2_mrgscpot_20170404_v02_r04.cdf,2,4,3,ok
2017-04-05,yes,mvn_lpw_l2_mrgscpot_20170405_v02_r04.cdf,2,4,3,ok
2017-04-06,yes,mvn_lpw_l2_mrgscpot_20170406_v02_r03.cdf,2,3,9,ok
2017-04-07,yes,mvn_lpw_l2_mrgscpot_20170407_v02_r04.cdf,2,4,3,ok
2017-04-08,yes,mvn_lpw_l2_mrgscpot_20170408_v02_r04.cdf,2,4,3,ok
2017-04-09,yes,mvn_lpw_l2_mrgscpot_20170409_v02_r04.cdf,2,4,3,ok
2017-04-10,yes,mvn_lpw_l2_mrgscpot_20170410_v02_r04.cdf,2,4,3,ok
2017-04-11,yes,mvn_lpw_l2_mrgscpot_20170411_v02_r04.cdf,2,4,3,ok
2017-04-12,yes,mvn_lpw_l2_mrgscpot_20170412_v02_r04.cdf,2,4,3,ok
2017-04-13,yes,mvn_lpw_l2_mrgscpot_20170413_v02_r04.cdf,2,4,3,ok
2017-04-14,yes,mvn_lpw_l2_mrgscpot_20170414_v02_r04.cdf,2,4,3,ok
2017-04-15,yes,mvn_lpw_l2_mrgscpot_20170415_v02_r04.cdf,2,4,3,ok
2017-04-16,yes,mvn_lpw_l2_mrgscpot_20170416_v02_r04.cdf,2,4,3,ok
2017-04-17,yes,mvn_lpw_l2_mrgscpot_20170417_v02_r04.cdf,2,4,3,ok
2017-04-18,yes,mvn_lpw_l2_mrgscpot_20170418_v02_r04.cdf,2,4,3,ok
2017-04-19,yes,mvn_lpw_l2_mrgscpot_20170419_v02_r04.cdf,2,4,3,ok
2017-04-20,yes,mvn_lpw_l2_mrgscpot_20170420_v02_r04.cdf,2,4,3,ok
2017-04-21,yes,mvn_lpw_l2_mrgscpot_20170421_v02_r03.cdf,2,3,9,ok
2017-04-22,yes,mvn_lpw_l2_mrgscpot_20170422_v02_r04.cdf,2,4,3,ok
2017-04-23,yes,mvn_lpw_l2_mrgscpot_20170423_v02_r03.cdf,2,3,3,ok
2017-04-24,yes,mvn_lpw_l2_mrgscpot_20170424_v02_r04.cdf,2,4,3,ok
2017-04-25,yes,mvn_lpw_l2_mrgscpot_20170425_v02_r04.cdf,2,4,3,ok
2017-04-26,yes,mvn_lpw_l2_mrgscpot_20170426_v02_r03.cdf,2,3,3,ok
2017-04-27,yes,mvn_lpw_l2_mrgscpot_20170427_v02_r03.cdf,2,3,3,ok
2017-04-28,yes,mvn_lpw_l2_mrgscpot_20170428_v02_r03.cdf,2,3,3,ok
2017-04-29,yes,mvn_lpw_l2_mrgscpot_20170429_v02_r03.cdf,2,3,3,ok
2017-04-30,yes,mvn_lpw_l2_mrgscpot_20170430_v02_r03.cdf,2,3,3,ok
2017-05-01,yes,mvn_lpw_l2_mrgscpot_20170501_v02_r03.cdf,2,3,10,ok
2017-05-02,yes,mvn_lpw_l2_mrgscpot_20170502_v02_r03.cdf,2,3,3,ok
2017-05-03,yes,mvn_lpw_l2_mrgscpot_20170503_v02_r03.cdf,2,3,3,ok
2017-05-04,yes,mvn_lpw_l2_mrgscpot_20170504_v02_r03.cdf,2,3,9,ok
2017-05-05,yes,mvn_lpw_l2_mrgscpot_20170505_v02_r03.cdf,2,3,3,ok
2017-05-06,yes,mvn_lpw_l2_mrgscpot_20170506_v02_r03.cdf,2,3,3,ok
2017-05-07,yes,mvn_lpw_l2_mrgscpot_20170507_v02_r03.cdf,2,3,3,ok
2017-05-08,yes,mvn_lpw_l2_mrgscpot_20170508_v02_r03.cdf,2,3,3,ok
2017-05-09,yes,mvn_lpw_l2_mrgscpot_20170509_v02_r03.cdf,2,3,3,ok
2017-05-10,yes,mvn_lpw_l2_mrgscpot_20170510_v02_r03.cdf,2,3,3,ok
2017-05-11,yes,mvn_lpw_l2_mrgscpot_20170511_v02_r03.cdf,2,3,3,ok
2017-05-12,yes,mvn_lpw_l2_mrgscpot_20170512_v02_r03.cdf,2,3,3,ok
2017-05-13,yes,mvn_lpw_l2_mrgscpot_20170513_v02_r03.cdf,2,3,3,ok
2017-05-14,yes,mvn_lpw_l2_mrgscpot_20170514_v02_r03.cdf,2,3,3,ok
2017-05-15,yes,mvn_lpw_l2_mrgscpot_20170515_v02_r04.cdf,2,4,3,ok
2017-05-16,yes,mvn_lpw_l2_mrgscpot_20170516_v02_r04.cdf,2,4,3,ok
2017-05-17,yes,mvn_lpw_l2_mrgscpot_20170517_v02_r04.cdf,2,4,3,ok
2017-05-18,yes,mvn_lpw_l2_mrgscpot_20170518_v02_r04.cdf,2,4,9,ok
2017-05-19,yes,mvn_lpw_l2_mrgscpot_20170519_v02_r04.cdf,2,4,3,ok
2017-05-20,yes,mvn_lpw_l2_mrgscpot_20170520_v02_r04.cdf,2,4,3,ok
2017-05-21,yes,mvn_lpw_l2_mrgscpot_20170521_v02_r04.cdf,2,4,3,ok
2017-05-22,yes,mvn_lpw_l2_mrgscpot_20170522_v02_r03.cdf,2,3,3,ok
2017-05-23,yes,mvn_lpw_l2_mrgscpot_20170523_v02_r03.cdf,2,3,3,ok
2017-05-24,yes,mvn_lpw_l2_mrgscpot_20170524_v02_r03.cdf,2,3,3,ok
2017-05-25,yes,mvn_lpw_l2_mrgscpot_20170525_v02_r03.cdf,2,3,3,ok
2017-05-26,yes,mvn_lpw_l2_mrgscpot_20170526_v02_r03.cdf,2,3,3,ok
2017-05-27,yes,mvn_lpw_l2_mrgscpot_20170527_v02_r03.cdf,2,3,3,ok
2017-05-28,yes,mvn_lpw_l2_mrgscpot_20170528_v02_r03.cdf,2,3,3,ok
2017-05-29,yes,mvn_lpw_l2_mrgscpot_20170529_v02_r03.cdf,2,3,3,ok
2017-05-30,yes,mvn_lpw_l2_mrgscpot_20170530_v02_r03.cdf,2,3,3,ok
2017-05-31,yes,mvn_lpw_l2_mrgscpot_20170531_v02_r03.cdf,2,3,3,ok
2017-06-01,yes,mvn_lpw_l2_mrgscpot_20170601_v02_r03.cdf,2,3,10,ok
2017-06-02,yes,mvn_lpw_l2_mrgscpot_20170602_v02_r03.cdf,2,3,9,ok
2017-06-03,yes,mvn_lpw_l2_mrgscpot_20170603_v02_r03.cdf,2,3,3,ok
2017-06-04,yes,mvn_lpw_l2_mrgscpot_20170604_v02_r03.cdf,2,3,3,ok
2017-06-05,yes,mvn_lpw_l2_mrgscpot_20170605_v02_r03.cdf,2,3,3,ok
2017-06-06,yes,mvn_lpw_l2_mrgscpot_20170606_v02_r02.cdf,2,2,3,ok
2017-06-07,yes,mvn_lpw_l2_mrgscpot_20170607_v02_r03.cdf,2,3,3,ok
2017-06-08,yes,mvn_lpw_l2_mrgscpot_20170608_v02_r03.cdf,2,3,3,ok
2017-06-09,yes,mvn_lpw_l2_mrgscpot_20170609_v02_r03.cdf,2,3,3,ok
2017-06-10,yes,mvn_lpw_l2_mrgscpot_20170610_v02_r03.cdf,2,3,3,ok
2017-06-11,yes,mvn_lpw_l2_mrgscpot_20170611_v02_r03.cdf,2,3,3,ok
2017-06-12,yes,mvn_lpw_l2_mrgscpot_20170612_v02_r03.cdf,2,3,3,ok
2017-06-13,yes,mvn_lpw_l2_mrgscpot_20170613_v02_r03.cdf,2,3,3,ok
2017-06-14,yes,mvn_lpw_l2_mrgscpot_20170614_v02_r03.cdf,2,3,3,ok
2017-06-15,yes,mvn_lpw_l2_mrgscpot_20170615_v02_r03.cdf,2,3,3,ok
2017-06-16,yes,mvn_lpw_l2_mrgscpot_20170616_v02_r03.cdf,2,3,9,ok
2017-06-17,yes,mvn_lpw_l2_mrgscpot_20170617_v02_r03.cdf,2,3,3,ok
2017-06-18,yes,mvn_lpw_l2_mrgscpot_20170618_v02_r03.cdf,2,3,3,ok
2017-06-19,yes,mvn_lpw_l2_mrgscpot_20170619_v02_r03.cdf,2,3,3,ok
2017-06-20,yes,mvn_lpw_l2_mrgscpot_20170620_v02_r03.cdf,2,3,3,ok
2017-06-21,yes,mvn_lpw_l2_mrgscpot_20170621_v02_r03.cdf,2,3,3,ok
2017-06-22,yes,mvn_lpw_l2_mrgscpot_20170622_v02_r03.cdf,2,3,3,ok
2017-06-23,yes,mvn_lpw_l2_mrgscpot_20170623_v02_r03.cdf,2,3,3,ok
2017-06-24,yes,mvn_lpw_l2_mrgscpot_20170624_v02_r03.cdf,2,3,3,ok
2017-06-25,yes,mvn_lpw_l2_mrgscpot_20170625_v02_r03.cdf,2,3,3,ok
2017-06-26,yes,mvn_lpw_l2_mrgscpot_20170626_v02_r03.cdf,2,3,3,ok
2017-06-27,yes,mvn_lpw_l2_mrgscpot_20170627_v02_r03.cdf,2,3,3,ok
2017-06-28,yes,mvn_lpw_l2_mrgscpot_20170628_v02_r03.cdf,2,3,3,ok
2017-06-29,yes,mvn_lpw_l2_mrgscpot_20170629_v02_r03.cdf,2,3,9,ok
2017-06-30,yes,mvn_lpw_l2_mrgscpot_20170630_v02_r03.cdf,2,3,3,ok
2017-07-01,yes,mvn_lpw_l2_mrgscpot_20170701_v02_r04.cdf,2,4,10,ok
2017-07-02,yes,mvn_lpw_l2_mrgscpot_20170702_v02_r04.cdf,2,4,3,ok
2017-07-03,yes,mvn_lpw_l2_mrgscpot_20170703_v02_r03.cdf,2,3,3,ok
2017-07-04,yes,mvn_lpw_l2_mrgscpot_20170704_v02_r03.cdf,2,3,3,ok
2017-07-05,yes,mvn_lpw_l2_mrgscpot_20170705_v02_r03.cdf,2,3,3,ok
2017-07-06,yes,mvn_lpw_l2_mrgscpot_20170706_v02_r03.cdf,2,3,3,ok
2017-07-07,yes,mvn_lpw_l2_mrgscpot_20170707_v02_r03.cdf,2,3,3,ok
2017-07-08,yes,mvn_lpw_l2_mrgscpot_20170708_v02_r03.cdf,2,3,3,ok
2017-07-09,yes,mvn_lpw_l2_mrgscpot_20170709_v02_r03.cdf,2,3,3,ok
2017-07-10,yes,mvn_lpw_l2_mrgscpot_20170710_v02_r04.cdf,2,4,3,ok
2017-07-11,yes,mvn_lpw_l2_mrgscpot_20170711_v02_r04.cdf,2,4,3,ok
2017-07-12,yes,mvn_lpw_l2_mrgscpot_20170712_v02_r04.cdf,2,4,3,ok
2017-07-13,yes,mvn_lpw_l2_mrgscpot_20170713_v02_r04.cdf,2,4,9,ok
2017-07-14,yes,mvn_lpw_l2_mrgscpot_20170714_v02_r04.cdf,2,4,3,ok
2017-07-15,yes,mvn_lpw_l2_mrgscpot_20170715_v02_r04.cdf,2,4,3,ok
2017-07-16,yes,mvn_lpw_l2_mrgscpot_20170716_v02_r04.cdf,2,4,3,ok
2017-07-17,yes,mvn_lpw_l2_mrgscpot_20170717_v02_r04.cdf,2,4,3,ok
2017-07-18,yes,mvn_lpw_l2_mrgscpot_20170718_v02_r04.cdf,2,4,3,ok
2017-07-19,yes,mvn_lpw_l2_mrgscpot_20170719_v02_r04.cdf,2,4,3,ok
2017-07-20,yes,mvn_lpw_l2_mrgscpot_20170720_v02_r03.cdf,2,3,3,ok
2017-07-21,yes,mvn_lpw_l2_mrgscpot_20170721_v02_r04.cdf,2,4,3,ok
2017-07-22,yes,mvn_lpw_l2_mrgscpot_20170722_v02_r04.cdf,2,4,3,ok
2017-07-23,yes,mvn_lpw_l2_mrgscpot_20170723_v02_r04.cdf,2,4,3,ok
2017-07-24,yes,mvn_lpw_l2_mrgscpot_20170724_v02_r04.cdf,2,4,3,ok
2017-07-25,yes,mvn_lpw_l2_mrgscpot_20170725_v02_r03.cdf,2,3,3,ok
2017-07-26,yes,mvn_lpw_l2_mrgscpot_20170726_v02_r03.cdf,2,3,3,ok
2017-07-27,yes,mvn_lpw_l2_mrgscpot_20170727_v02_r03.cdf,2,3,3,ok
2017-07-28,yes,mvn_lpw_l2_mrgscpot_20170728_v02_r03.cdf,2,3,3,ok
2017-07-29,yes,mvn_lpw_l2_mrgscpot_20170729_v02_r03.cdf,2,3,3,ok
2017-07-30,yes,mvn_lpw_l2_mrgscpot_20170730_v02_r03.cdf,2,3,3,ok
2017-07-31,yes,mvn_lpw_l2_mrgscpot_20170731_v02_r03.cdf,2,3,3,ok
2017-08-01,yes,mvn_lpw_l2_mrgscpot_20170801_v02_r04.cdf,2,4,3,ok
2017-08-02,yes,mvn_lpw_l2_mrgscpot_20170802_v02_r04.cdf,2,4,3,ok
2017-08-03,yes,mvn_lpw_l2_mrgscpot_20170803_v02_r04.cdf,2,4,3,ok
2017-08-04,yes,mvn_lpw_l2_mrgscpot_20170804_v02_r04.cdf,2,4,3,ok
2017-08-05,yes,mvn_lpw_l2_mrgscpot_20170805_v02_r04.cdf,2,4,3,ok
2017-08-06,yes,mvn_lpw_l2_mrgscpot_20170806_v02_r04.cdf,2,4,3,ok
2017-08-07,yes,mvn_lpw_l2_mrgscpot_20170807_v02_r05.cdf,2,5,3,ok
2017-08-08,yes,mvn_lpw_l2_mrgscpot_20170808_v02_r05.cdf,2,5,3,ok
2017-08-09,yes,mvn_lpw_l2_mrgscpot_20170809_v02_r04.cdf,2,4,10,ok
2017-08-10,yes,mvn_lpw_l2_mrgscpot_20170810_v02_r03.cdf,2,3,9,ok
2017-08-11,yes,mvn_lpw_l2_mrgscpot_20170811_v02_r03.cdf,2,3,3,ok
2017-08-12,yes,mvn_lpw_l2_mrgscpot_20170812_v02_r03.cdf,2,3,3,ok
2017-08-13,yes,mvn_lpw_l2_mrgscpot_20170813_v02_r03.cdf,2,3,3,ok
2017-08-14,yes,mvn_lpw_l2_mrgscpot_20170814_v02_r05.cdf,2,5,3,ok
2017-08-15,yes,mvn_lpw_l2_mrgscpot_20170815_v02_r04.cdf,2,4,3,ok
2017-08-16,yes,mvn_lpw_l2_mrgscpot_20170816_v02_r05.cdf,2,5,3,ok
2017-08-17,yes,mvn_lpw_l2_mrgscpot_20170817_v02_r04.cdf,2,4,3,ok
2017-08-18,yes,mvn_lpw_l2_mrgscpot_20170818_v02_r04.cdf,2,4,3,ok
2017-08-19,yes,mvn_lpw_l2_mrgscpot_20170819_v02_r04.cdf,2,4,3,ok
2017-08-20,yes,mvn_lpw_l2_mrgscpot_20170820_v02_r03.cdf,2,3,3,ok
2017-08-21,yes,mvn_lpw_l2_mrgscpot_20170821_v02_r03.cdf,2,3,3,ok
2017-08-22,yes,mvn_lpw_l2_mrgscpot_20170822_v02_r02.cdf,2,2,3,ok
2017-08-23,yes,mvn_lpw_l2_mrgscpot_20170823_v02_r02.cdf,2,2,3,ok
2017-08-24,yes,mvn_lpw_l2_mrgscpot_20170824_v02_r02.cdf,2,2,3,ok
2017-08-25,yes,mvn_lpw_l2_mrgscpot_20170825_v02_r02.cdf,2,2,10,ok
2017-08-26,yes,mvn_lpw_l2_mrgscpot_20170826_v02_r03.cdf,2,3,3,ok
2017-08-27,yes,mvn_lpw_l2_mrgscpot_20170827_v02_r03.cdf,2,3,3,ok
2017-08-28,yes,mvn_lpw_l2_mrgscpot_20170828_v02_r02.cdf,2,2,3,ok
2017-08-29,yes,mvn_lpw_l2_mrgscpot_20170829_v02_r02.cdf,2,2,3,ok
2017-08-30,yes,mvn_lpw_l2_mrgscpot_20170830_v02_r02.cdf,2,2,3,ok
2017-08-31,yes,mvn_lpw_l2_mrgscpot_20170831_v02_r02.cdf,2,2,9,ok
2017-09-01,yes,mvn_lpw_l2_mrgscpot_20170901_v02_r03.cdf,2,3,10,ok
2017-09-02,yes,mvn_lpw_l2_mrgscpot_20170902_v02_r03.cdf,2,3,3,ok
2017-09-03,yes,mvn_lpw_l2_mrgscpot_20170903_v02_r03.cdf,2,3,3,ok
2017-09-04,yes,mvn_lpw_l2_mrgscpot_20170904_v02_r03.cdf,2,3,3,ok
2017-09-05,yes,mvn_lpw_l2_mrgscpot_20170905_v02_r03.cdf,2,3,3,ok
2017-09-06,yes,mvn_lpw_l2_mrgscpot_20170906_v02_r03.cdf,2,3,3,ok
2017-09-07,yes,mvn_lpw_l2_mrgscpot_20170907_v02_r03.cdf,2,3,3,ok
2017-09-08,yes,mvn_lpw_l2_mrgscpot_20170908_v02_r03.cdf,2,3,3,ok
2017-09-09,yes,mvn_lpw_l2_mrgscpot_20170909_v02_r03.cdf,2,3,3,ok
2017-09-10,yes,mvn_lpw_l2_mrgscpot_20170910_v02_r03.cdf,2,3,3,ok
2017-09-11,yes,mvn_lpw_l2_mrgscpot_20170911_v02_r03.cdf,2,3,3,ok
2017-09-12,yes,mvn_lpw_l2_mrgscpot_20170912_v02_r03.cdf,2,3,3,ok
2017-09-13,yes,mvn_lpw_l2_mrgscpot_20170913_v02_r03.cdf,2,3,3,ok
2017-09-14,yes,mvn_lpw_l2_mrgscpot_20170914_v02_r03.cdf,2,3,3,ok
2017-09-15,yes,mvn_lpw_l2_mrgscpot_20170915_v02_r03.cdf,2,3,9,ok
2017-09-16,yes,mvn_lpw_l2_mrgscpot_20170916_v02_r03.cdf,2,3,3,ok
2017-09-17,yes,mvn_lpw_l2_mrgscpot_20170917_v02_r03.cdf,2,3,3,ok
2017-09-18,yes,mvn_lpw_l2_mrgscpot_20170918_v02_r03.cdf,2,3,3,ok
2017-09-19,yes,mvn_lpw_l2_mrgscpot_20170919_v02_r03.cdf,2,3,3,ok
2017-09-20,yes,mvn_lpw_l2_mrgscpot_20170920_v02_r03.cdf,2,3,3,ok
2017-09-21,yes,mvn_lpw_l2_mrgscpot_20170921_v02_r03.cdf,2,3,3,ok
2017-09-22,yes,mvn_lpw_l2_mrgscpot_20170922_v02_r03.cdf,2,3,3,ok
2017-09-23,yes,mvn_lpw_l2_mrgscpot_20170923_v02_r03.cdf,2,3,3,ok
2017-09-24,yes,mvn_lpw_l2_mrgscpot_20170924_v02_r03.cdf,2,3,3,ok
2017-09-25,yes,mvn_lpw_l2_mrgscpot_20170925_v02_r03.cdf,2,3,3,ok
2017-09-26,yes,mvn_lpw_l2_mrgscpot_20170926_v02_r03.cdf,2,3,3,ok
2017-09-27,yes,mvn_lpw_l2_mrgscpot_20170927_v02_r03.cdf,2,3,3,ok
2017-09-28,yes,mvn_lpw_l2_mrgscpot_20170928_v02_r03.cdf,2,3,9,ok
2017-09-29,yes,mvn_lpw_l2_mrgscpot_20170929_v02_r03.cdf,2,3,3,ok
2017-09-30,yes,mvn_lpw_l2_mrgscpot_20170930_v02_r03.cdf,2,3,3,ok
2017-10-01,yes,mvn_lpw_l2_mrgscpot_20171001_v02_r03.cdf,2,3,10,ok
2017-10-02,yes,mvn_lpw_l2_mrgscpot_20171002_v02_r03.cdf,2,3,3,ok
2017-10-03,yes,mvn_lpw_l2_mrgscpot_20171003_v02_r03.cdf,2,3,3,ok
2017-10-04,yes,mvn_lpw_l2_mrgscpot_20171004_v02_r03.cdf,2,3,3,ok
2017-10-05,yes,mvn_lpw_l2_mrgscpot_20171005_v02_r03.cdf,2,3,3,ok
2017-10-06,yes,mvn_lpw_l2_mrgscpot_20171006_v02_r03.cdf,2,3,3,ok
2017-10-07,yes,mvn_lpw_l2_mrgscpot_20171007_v02_r03.cdf,2,3,3,ok
2017-10-08,yes,mvn_lpw_l2_mrgscpot_20171008_v02_r03.cdf,2,3,3,ok
2017-10-09,yes,mvn_lpw_l2_mrgscpot_20171009_v02_r03.cdf,2,3,3,ok
2017-10-10,yes,mvn_lpw_l2_mrgscpot_20171010_v02_r03.cdf,2,3,3,ok
2017-10-11,yes,mvn_lpw_l2_mrgscpot_20171011_v02_r03.cdf,2,3,3,ok
2017-10-12,yes,mvn_lpw_l2_mrgscpot_20171012_v02_r02.cdf,2,2,9,ok
2017-10-13,yes,mvn_lpw_l2_mrgscpot_20171013_v02_r02.cdf,2,2,3,ok
2017-10-14,yes,mvn_lpw_l2_mrgscpot_20171014_v02_r02.cdf,2,2,3,ok
2017-10-15,yes,mvn_lpw_l2_mrgscpot_20171015_v02_r02.cdf,2,2,3,ok
2017-10-16,yes,mvn_lpw_l2_mrgscpot_20171016_v02_r02.cdf,2,2,3,ok
2017-10-17,yes,mvn_lpw_l2_mrgscpot_20171017_v02_r02.cdf,2,2,10,ok
2017-10-18,yes,mvn_lpw_l2_mrgscpot_20171018_v02_r02.cdf,2,2,3,ok
2017-10-19,yes,mvn_lpw_l2_mrgscpot_20171019_v02_r02.cdf,2,2,3,ok
2017-10-20,yes,mvn_lpw_l2_mrgscpot_20171020_v02_r03.cdf,2,3,3,ok
2017-10-21,yes,mvn_lpw_l2_mrgscpot_20171021_v02_r03.cdf,2,3,3,ok
2017-10-22,yes,mvn_lpw_l2_mrgscpot_20171022_v02_r03.cdf,2,3,3,ok
2017-10-23,yes,mvn_lpw_l2_mrgscpot_20171023_v02_r03.cdf,2,3,3,ok
2017-10-24,yes,mvn_lpw_l2_mrgscpot_20171024_v02_r03.cdf,2,3,3,ok
2017-10-25,yes,mvn_lpw_l2_mrgscpot_20171025_v02_r03.cdf,2,3,3,ok
2017-10-26,yes,mvn_lpw_l2_mrgscpot_20171026_v02_r03.cdf,2,3,9,ok
2017-10-27,yes,mvn_lpw_l2_mrgscpot_20171027_v02_r03.cdf,2,3,3,ok
2017-10-28,yes,mvn_lpw_l2_mrgscpot_20171028_v02_r03.cdf,2,3,3,ok
2017-10-29,yes,mvn_lpw_l2_mrgscpot_20171029_v02_r03.cdf,2,3,3,ok
2017-10-30,yes,mvn_lpw_l2_mrgscpot_20171030_v02_r03.cdf,2,3,3,ok
2017-10-31,yes,mvn_lpw_l2_mrgscpot_20171031_v02_r03.cdf,2,3,3,ok
2017-11-01,yes,mvn_lpw_l2_mrgscpot_20171101_v02_r03.cdf,2,3,10,ok
2017-11-02,yes,mvn_lpw_l2_mrgscpot_20171102_v02_r03.cdf,2,3,3,ok
2017-11-03,yes,mvn_lpw_l2_mrgscpot_20171103_v02_r03.cdf,2,3,3,ok
2017-11-04,yes,mvn_lpw_l2_mrgscpot_20171104_v02_r03.cdf,2,3,3,ok
2017-11-05,yes,mvn_lpw_l2_mrgscpot_20171105_v02_r03.cdf,2,3,3,ok
2017-11-06,yes,mvn_lpw_l2_mrgscpot_20171106_v02_r03.cdf,2,3,3,ok
2017-11-07,yes,mvn_lpw_l2_mrgscpot_20171107_v02_r03.cdf,2,3,3,ok
2017-11-08,yes,mvn_lpw_l2_mrgscpot_20171108_v02_r03.cdf,2,3,3,ok
2017-11-09,yes,mvn_lpw_l2_mrgscpot_20171109_v02_r03.cdf,2,3,3,ok
2017-11-10,yes,mvn_lpw_l2_mrgscpot_20171110_v02_r03.cdf,2,3,9,ok
2017-11-11,yes,mvn_lpw_l2_mrgscpot_20171111_v02_r03.cdf,2,3,3,ok
2017-11-12,yes,mvn_lpw_l2_mrgscpot_20171112_v02_r02.cdf,2,2,3,ok
2017-11-13,yes,mvn_lpw_l2_mrgscpot_20171113_v02_r03.cdf,2,3,3,ok
2017-11-14,yes,mvn_lpw_l2_mrgscpot_20171114_v02_r03.cdf,2,3,3,ok
2017-11-15,yes,mvn_lpw_l2_mrgscpot_20171115_v02_r03.cdf,2,3,3,ok
2017-11-16,yes,mvn_lpw_l2_mrgscpot_20171116_v02_r03.cdf,2,3,3,ok
2017-11-17,yes,mvn_lpw_l2_mrgscpot_20171117_v02_r03.cdf,2,3,3,ok
2017-11-18,yes,mvn_lpw_l2_mrgscpot_20171118_v02_r03.cdf,2,3,3,ok
2017-11-19,yes,mvn_lpw_l2_mrgscpot_20171119_v02_r03.cdf,2,3,3,ok
2017-11-20,yes,mvn_lpw_l2_mrgscpot_20171120_v02_r03.cdf,2,3,3,ok
2017-11-21,yes,mvn_lpw_l2_mrgscpot_20171121_v02_r03.cdf,2,3,3,ok
2017-11-22,yes,mvn_lpw_l2_mrgscpot_20171122_v02_r03.cdf,2,3,3,ok
2017-11-23,yes,mvn_lpw_l2_mrgscpot_20171123_v02_r03.cdf,2,3,3,ok
2017-11-24,yes,mvn_lpw_l2_mrgscpot_20171124_v02_r03.cdf,2,3,9,ok
2017-11-25,yes,mvn_lpw_l2_mrgscpot_20171125_v02_r03.cdf,2,3,3,ok
2017-11-26,yes,mvn_lpw_l2_mrgscpot_20171126_v02_r03.cdf,2,3,3,ok
2017-11-27,yes,mvn_lpw_l2_mrgscpot_20171127_v02_r03.cdf,2,3,3,ok
2017-11-28,yes,mvn_lpw_l2_mrgscpot_20171128_v02_r03.cdf,2,3,3,ok
2017-11-29,yes,mvn_lpw_l2_mrgscpot_20171129_v02_r03.cdf,2,3,3,ok
2017-11-30,yes,mvn_lpw_l2_mrgscpot_20171130_v02_r03.cdf,2,3,3,ok
2017-12-01,yes,mvn_lpw_l2_mrgscpot_20171201_v02_r03.cdf,2,3,10,ok
2017-12-02,yes,mvn_lpw_l2_mrgscpot_20171202_v02_r03.cdf,2,3,3,ok
2017-12-03,yes,mvn_lpw_l2_mrgscpot_20171203_v02_r03.cdf,2,3,3,ok
2017-12-04,yes,mvn_lpw_l2_mrgscpot_20171204_v02_r03.cdf,2,3,3,ok
2017-12-05,yes,mvn_lpw_l2_mrgscpot_20171205_v02_r03.cdf,2,3,3,ok
2017-12-06,yes,mvn_lpw_l2_mrgscpot_20171206_v02_r03.cdf,2,3,3,ok
2017-12-07,yes,mvn_lpw_l2_mrgscpot_20171207_v02_r03.cdf,2,3,3,ok
2017-12-08,yes,mvn_lpw_l2_mrgscpot_20171208_v02_r03.cdf,2,3,3,ok
2017-12-09,yes,mvn_lpw_l2_mrgscpot_20171209_v02_r03.cdf,2,3,9,ok
2017-12-10,yes,mvn_lpw_l2_mrgscpot_20171210_v02_r03.cdf,2,3,3,ok
2017-12-11,yes,mvn_lpw_l2_mrgscpot_20171211_v02_r03.cdf,2,3,3,ok
2017-12-12,yes,mvn_lpw_l2_mrgscpot_20171212_v02_r03.cdf,2,3,3,ok
2017-12-13,yes,mvn_lpw_l2_mrgscpot_20171213_v02_r03.cdf,2,3,3,ok
2017-12-14,yes,mvn_lpw_l2_mrgscpot_20171214_v02_r03.cdf,2,3,3,ok
2017-12-15,yes,mvn_lpw_l2_mrgscpot_20171215_v02_r03.cdf,2,3,3,ok
2017-12-16,yes,mvn_lpw_l2_mrgscpot_20171216_v02_r03.cdf,2,3,3,ok
2017-12-17,yes,mvn_lpw_l2_mrgscpot_20171217_v02_r03.cdf,2,3,3,ok
2017-12-18,yes,mvn_lpw_l2_mrgscpot_20171218_v02_r03.cdf,2,3,3,ok
2017-12-19,yes,mvn_lpw_l2_mrgscpot_20171219_v02_r03.cdf,2,3,3,ok
2017-12-20,yes,mvn_lpw_l2_mrgscpot_20171220_v02_r03.cdf,2,3,9,ok
2017-12-21,yes,mvn_lpw_l2_mrgscpot_20171221_v02_r03.cdf,2,3,3,ok
2017-12-22,yes,mvn_lpw_l2_mrgscpot_20171222_v02_r03.cdf,2,3,3,ok
2017-12-23,yes,mvn_lpw_l2_mrgscpot_20171223_v02_r03.cdf,2,3,3,ok
2017-12-24,yes,mvn_lpw_l2_mrgscpot_20171224_v02_r03.cdf,2,3,3,ok
2017-12-25,yes,mvn_lpw_l2_mrgscpot_20171225_v02_r03.cdf,2,3,3,ok
2017-12-26,yes,mvn_lpw_l2_mrgscpot_20171226_v02_r04.cdf,2,4,3,ok
2017-12-27,yes,mvn_lpw_l2_mrgscpot_20171227_v02_r03.cdf,2,3,3,ok
2017-12-28,yes,mvn_lpw_l2_mrgscpot_20171228_v02_r03.cdf,2,3,3,ok
2017-12-29,yes,mvn_lpw_l2_mrgscpot_20171229_v02_r04.cdf,2,4,3,ok
2017-12-30,yes,mvn_lpw_l2_mrgscpot_20171230_v02_r04.cdf,2,4,3,ok
2017-12-31,yes,mvn_lpw_l2_mrgscpot_20171231_v02_r03.cdf,2,3,3,ok
2018-01-01,yes,mvn_lpw_l2_mrgscpot_20180101_v02_r04.cdf,2,4,10,ok
2018-01-02,yes,mvn_lpw_l2_mrgscpot_20180102_v02_r03.cdf,2,3,3,ok
2018-01-03,yes,mvn_lpw_l2_mrgscpot_20180103_v02_r03.cdf,2,3,3,ok
2018-01-04,yes,mvn_lpw_l2_mrgscpot_20180104_v02_r03.cdf,2,3,9,ok
2018-01-05,yes,mvn_lpw_l2_mrgscpot_20180105_v02_r03.cdf,2,3,3,ok
2018-01-06,yes,mvn_lpw_l2_mrgscpot_20180106_v02_r03.cdf,2,3,3,ok
2018-01-07,yes,mvn_lpw_l2_mrgscpot_20180107_v02_r03.cdf,2,3,3,ok
2018-01-08,yes,mvn_lpw_l2_mrgscpot_20180108_v02_r03.cdf,2,3,3,ok
2018-01-09,yes,mvn_lpw_l2_mrgscpot_20180109_v02_r03.cdf,2,3,3,ok
2018-01-10,yes,mvn_lpw_l2_mrgscpot_20180110_v02_r03.cdf,2,3,3,ok
2018-01-11,yes,mvn_lpw_l2_mrgscpot_20180111_v02_r03.cdf,2,3,3,ok
2018-01-12,yes,mvn_lpw_l2_mrgscpot_20180112_v02_r03.cdf,2,3,3,ok
2018-01-13,yes,mvn_lpw_l2_mrgscpot_20180113_v02_r03.cdf,2,3,3,ok
2018-01-14,yes,mvn_lpw_l2_mrgscpot_20180114_v02_r03.cdf,2,3,3,ok
2018-01-15,yes,mvn_lpw_l2_mrgscpot_20180115_v02_r03.cdf,2,3,3,ok
2018-01-16,yes,mvn_lpw_l2_mrgscpot_20180116_v02_r03.cdf,2,3,3,ok
2018-01-17,yes,mvn_lpw_l2_mrgscpot_20180117_v02_r03.cdf,2,3,3,ok
2018-01-18,yes,mvn_lpw_l2_mrgscpot_20180118_v02_r04.cdf,2,4,9,ok
2018-01-19,yes,mvn_lpw_l2_mrgscpot_20180119_v02_r04.cdf,2,4,3,ok
2018-01-20,yes,mvn_lpw_l2_mrgscpot_20180120_v02_r03.cdf,2,3,3,ok
2018-01-21,yes,mvn_lpw_l2_mrgscpot_20180121_v02_r03.cdf,2,3,3,ok
2018-01-22,yes,mvn_lpw_l2_mrgscpot_20180122_v02_r04.cdf,2,4,3,ok
2018-01-23,yes,mvn_lpw_l2_mrgscpot_20180123_v02_r04.cdf,2,4,3,ok
2018-01-24,yes,mvn_lpw_l2_mrgscpot_20180124_v02_r04.cdf,2,4,3,ok
2018-01-25,yes,mvn_lpw_l2_mrgscpot_20180125_v02_r04.cdf,2,4,3,ok
2018-01-26,yes,mvn_lpw_l2_mrgscpot_20180126_v02_r04.cdf,2,4,3,ok
2018-01-27,yes,mvn_lpw_l2_mrgscpot_20180127_v02_r04.cdf,2,4,3,ok
2018-01-28,yes,mvn_lpw_l2_mrgscpot_20180128_v02_r04.cdf,2,4,3,ok
2018-01-29,yes,mvn_lpw_l2_mrgscpot_20180129_v02_r04.cdf,2,4,3,ok
2018-01-30,yes,mvn_lpw_l2_mrgscpot_20180130_v02_r04.cdf,2,4,3,ok
2018-01-31,yes,mvn_lpw_l2_mrgscpot_20180131_v02_r03.cdf,2,3,3,ok
2018-02-01,yes,mvn_lpw_l2_mrgscpot_20180201_v02_r02.cdf,2,2,10,ok
2018-02-02,yes,mvn_lpw_l2_mrgscpot_20180202_v02_r02.cdf,2,2,3,ok
2018-02-03,yes,mvn_lpw_l2_mrgscpot_20180203_v02_r02.cdf,2,2,3,ok
2018-02-04,yes,mvn_lpw_l2_mrgscpot_20180204_v02_r02.cdf,2,2,3,ok
2018-02-05,yes,mvn_lpw_l2_mrgscpot_20180205_v02_r02.cdf,2,2,3,ok
2018-02-06,yes,mvn_lpw_l2_mrgscpot_20180206_v02_r02.cdf,2,2,3,ok
2018-02-07,yes,mvn_lpw_l2_mrgscpot_20180207_v02_r02.cdf,2,2,3,ok
2018-02-08,yes,mvn_lpw_l2_mrgscpot_20180208_v02_r02.cdf,2,2,3,ok
2018-02-09,yes,mvn_lpw_l2_mrgscpot_20180209_v02_r02.cdf,2,2,3,ok
2018-02-10,yes,mvn_lpw_l2_mrgscpot_20180210_v02_r02.cdf,2,2,3,ok
2018-02-11,yes,mvn_lpw_l2_mrgscpot_20180211_v02_r02.cdf,2,2,3,ok
2018-02-12,yes,mvn_lpw_l2_mrgscpot_20180212_v02_r02.cdf,2,2,3,ok
2018-02-13,yes,mvn_lpw_l2_mrgscpot_20180213_v02_r02.cdf,2,2,3,ok
2018-02-14,yes,mvn_lpw_l2_mrgscpot_20180214_v02_r02.cdf,2,2,3,ok
2018-02-15,yes,mvn_lpw_l2_mrgscpot_20180215_v02_r02.cdf,2,2,9,ok
2018-02-16,yes,mvn_lpw_l2_mrgscpot_20180216_v02_r01.cdf,2,1,3,ok
2018-02-17,yes,mvn_lpw_l2_mrgscpot_20180217_v02_r01.cdf,2,1,3,ok
2018-02-18,yes,mvn_lpw_l2_mrgscpot_20180218_v02_r01.cdf,2,1,3,ok
2018-02-19,yes,mvn_lpw_l2_mrgscpot_20180219_v02_r01.cdf,2,1,3,ok
2018-02-20,yes,mvn_lpw_l2_mrgscpot_20180220_v02_r01.cdf,2,1,3,ok
2018-02-21,yes,mvn_lpw_l2_mrgscpot_20180221_v02_r01.cdf,2,1,3,ok
2018-02-22,yes,mvn_lpw_l2_mrgscpot_20180222_v02_r01.cdf,2,1,3,ok
2018-02-23,yes,mvn_lpw_l2_mrgscpot_20180223_v02_r01.cdf,2,1,3,ok
2018-02-24,yes,mvn_lpw_l2_mrgscpot_20180224_v02_r01.cdf,2,1,3,ok
2018-02-25,yes,mvn_lpw_l2_mrgscpot_20180225_v02_r01.cdf,2,1,3,ok
2018-02-26,yes,mvn_lpw_l2_mrgscpot_20180226_v02_r01.cdf,2,1,3,ok
2018-02-27,yes,mvn_lpw_l2_mrgscpot_20180227_v02_r01.cdf,2,1,3,ok
2018-02-28,yes,mvn_lpw_l2_mrgscpot_20180228_v02_r01.cdf,2,1,3,ok
2018-03-01,yes,mvn_lpw_l2_mrgscpot_20180301_v02_r02.cdf,2,2,7,ok
2018-03-02,yes,mvn_lpw_l2_mrgscpot_20180302_v02_r02.cdf,2,2,3,ok
2018-03-03,yes,mvn_lpw_l2_mrgscpot_20180303_v02_r02.cdf,2,2,3,ok
2018-03-04,yes,mvn_lpw_l2_mrgscpot_20180304_v02_r02.cdf,2,2,3,ok
2018-03-05,yes,mvn_lpw_l2_mrgscpot_20180305_v02_r02.cdf,2,2,3,ok
2018-03-06,yes,mvn_lpw_l2_mrgscpot_20180306_v02_r02.cdf,2,2,3,ok
2018-03-07,yes,mvn_lpw_l2_mrgscpot_20180307_v02_r02.cdf,2,2,10,ok
2018-03-08,yes,mvn_lpw_l2_mrgscpot_20180308_v02_r02.cdf,2,2,3,ok
2018-03-09,yes,mvn_lpw_l2_mrgscpot_20180309_v02_r02.cdf,2,2,3,ok
2018-03-10,yes,mvn_lpw_l2_mrgscpot_20180310_v02_r02.cdf,2,2,3,ok
2018-03-11,yes,mvn_lpw_l2_mrgscpot_20180311_v02_r02.cdf,2,2,3,ok
2018-03-12,yes,mvn_lpw_l2_mrgscpot_20180312_v02_r02.cdf,2,2,3,ok
2018-03-13,yes,mvn_lpw_l2_mrgscpot_20180313_v02_r02.cdf,2,2,3,ok
2018-03-14,yes,mvn_lpw_l2_mrgscpot_20180314_v02_r01.cdf,2,1,3,ok
2018-03-15,yes,mvn_lpw_l2_mrgscpot_20180315_v02_r01.cdf,2,1,9,ok
2018-03-16,yes,mvn_lpw_l2_mrgscpot_20180316_v02_r01.cdf,2,1,9,ok
2018-03-17,yes,mvn_lpw_l2_mrgscpot_20180317_v02_r01.cdf,2,1,3,ok
2018-03-18,yes,mvn_lpw_l2_mrgscpot_20180318_v02_r01.cdf,2,1,3,ok
2018-03-19,yes,mvn_lpw_l2_mrgscpot_20180319_v02_r01.cdf,2,1,3,ok
2018-03-20,yes,mvn_lpw_l2_mrgscpot_20180320_v02_r01.cdf,2,1,3,ok
2018-03-21,yes,mvn_lpw_l2_mrgscpot_20180321_v02_r01.cdf,2,1,3,ok
2018-03-22,yes,mvn_lpw_l2_mrgscpot_20180322_v02_r01.cdf,2,1,3,ok
2018-03-23,yes,mvn_lpw_l2_mrgscpot_20180323_v02_r01.cdf,2,1,3,ok
2018-03-24,yes,mvn_lpw_l2_mrgscpot_20180324_v02_r01.cdf,2,1,3,ok
2018-03-25,yes,mvn_lpw_l2_mrgscpot_20180325_v02_r01.cdf,2,1,3,ok
2018-03-26,yes,mvn_lpw_l2_mrgscpot_20180326_v02_r01.cdf,2,1,3,ok
2018-03-27,yes,mvn_lpw_l2_mrgscpot_20180327_v02_r01.cdf,2,1,3,ok
2018-03-28,yes,mvn_lpw_l2_mrgscpot_20180328_v02_r01.cdf,2,1,3,ok
2018-03-29,yes,mvn_lpw_l2_mrgscpot_20180329_v02_r02.cdf,2,2,9,ok
2018-03-30,yes,mvn_lpw_l2_mrgscpot_20180330_v02_r02.cdf,2,2,3,ok
2018-03-31,yes,mvn_lpw_l2_mrgscpot_20180331_v02_r01.cdf,2,1,3,ok
2018-04-01,yes,mvn_lpw_l2_mrgscpot_20180401_v02_r01.cdf,2,1,10,ok
2018-04-02,yes,mvn_lpw_l2_mrgscpot_20180402_v02_r01.cdf,2,1,3,ok
2018-04-03,yes,mvn_lpw_l2_mrgscpot_20180403_v02_r01.cdf,2,1,3,ok
2018-04-04,yes,mvn_lpw_l2_mrgscpot_20180404_v02_r01.cdf,2,1,3,ok
2018-04-05,yes,mvn_lpw_l2_mrgscpot_20180405_v02_r01.cdf,2,1,3,ok
2018-04-06,yes,mvn_lpw_l2_mrgscpot_20180406_v02_r01.cdf,2,1,3,ok
2018-04-07,yes,mvn_lpw_l2_mrgscpot_20180407_v02_r01.cdf,2,1,3,ok
2018-04-08,yes,mvn_lpw_l2_mrgscpot_20180408_v02_r01.cdf,2,1,3,ok
2018-04-09,yes,mvn_lpw_l2_mrgscpot_20180409_v02_r01.cdf,2,1,3,ok
2018-04-10,yes,mvn_lpw_l2_mrgscpot_20180410_v02_r01.cdf,2,1,3,ok
2018-04-11,yes,mvn_lpw_l2_mrgscpot_20180411_v02_r01.cdf,2,1,3,ok
2018-04-12,yes,mvn_lpw_l2_mrgscpot_20180412_v02_r01.cdf,2,1,3,ok
2018-04-13,yes,mvn_lpw_l2_mrgscpot_20180413_v02_r01.cdf,2,1,9,ok
2018-04-14,no,,,,2,no_mrgscpot
2018-04-15,no,,,,2,no_mrgscpot
2018-04-16,no,,,,2,no_mrgscpot
2018-04-17,no,,,,2,no_mrgscpot
2018-04-18,yes,mvn_lpw_l2_mrgscpot_20180418_v02_r01.cdf,2,1,3,ok
2018-04-19,yes,mvn_lpw_l2_mrgscpot_20180419_v02_r02.cdf,2,2,3,ok
2018-04-20,yes,mvn_lpw_l2_mrgscpot_20180420_v02_r02.cdf,2,2,3,ok
2018-04-21,yes,mvn_lpw_l2_mrgscpot_20180421_v02_r02.cdf,2,2,3,ok
2018-04-22,yes,mvn_lpw_l2_mrgscpot_20180422_v02_r02.cdf,2,2,3,ok
2018-04-23,yes,mvn_lpw_l2_mrgscpot_20180423_v02_r02.cdf,2,2,3,ok
2018-04-24,yes,mvn_lpw_l2_mrgscpot_20180424_v02_r02.cdf,2,2,3,ok
2018-04-25,yes,mvn_lpw_l2_mrgscpot_20180425_v02_r03.cdf,2,3,3,ok
2018-04-26,yes,mvn_lpw_l2_mrgscpot_20180426_v02_r03.cdf,2,3,3,ok
2018-04-27,yes,mvn_lpw_l2_mrgscpot_20180427_v02_r03.cdf,2,3,3,ok
2018-04-28,yes,mvn_lpw_l2_mrgscpot_20180428_v02_r03.cdf,2,3,3,ok
2018-04-29,yes,mvn_lpw_l2_mrgscpot_20180429_v02_r01.cdf,2,1,3,ok
2018-04-30,yes,mvn_lpw_l2_mrgscpot_20180430_v02_r01.cdf,2,1,3,ok
2018-05-01,yes,mvn_lpw_l2_mrgscpot_20180501_v02_r01.cdf,2,1,3,ok
2018-05-02,yes,mvn_lpw_l2_mrgscpot_20180502_v02_r01.cdf,2,1,3,ok
2018-05-03,yes,mvn_lpw_l2_mrgscpot_20180503_v02_r01.cdf,2,1,10,ok
2018-05-04,yes,mvn_lpw_l2_mrgscpot_20180504_v02_r01.cdf,2,1,9,ok
2018-05-05,yes,mvn_lpw_l2_mrgscpot_20180505_v02_r01.cdf,2,1,3,ok
2018-05-06,yes,mvn_lpw_l2_mrgscpot_20180506_v02_r01.cdf,2,1,3,ok
2018-05-07,yes,mvn_lpw_l2_mrgscpot_20180507_v02_r01.cdf,2,1,3,ok
2018-05-08,yes,mvn_lpw_l2_mrgscpot_20180508_v02_r01.cdf,2,1,3,ok
2018-05-09,yes,mvn_lpw_l2_mrgscpot_20180509_v02_r01.cdf,2,1,3,ok
2018-05-10,yes,mvn_lpw_l2_mrgscpot_20180510_v02_r01.cdf,2,1,9,ok
2018-05-11,yes,mvn_lpw_l2_mrgscpot_20180511_v02_r01.cdf,2,1,3,ok
2018-05-12,yes,mvn_lpw_l2_mrgscpot_20180512_v02_r02.cdf,2,2,3,ok
2018-05-13,yes,mvn_lpw_l2_mrgscpot_20180513_v02_r02.cdf,2,2,3,ok
2018-05-14,yes,mvn_lpw_l2_mrgscpot_20180514_v02_r02.cdf,2,2,3,ok
2018-05-15,yes,mvn_lpw_l2_mrgscpot_20180515_v02_r02.cdf,2,2,3,ok
2018-05-16,yes,mvn_lpw_l2_mrgscpot_20180516_v02_r02.cdf,2,2,3,ok
2018-05-17,yes,mvn_lpw_l2_mrgscpot_20180517_v02_r02.cdf,2,2,3,ok
2018-05-18,yes,mvn_lpw_l2_mrgscpot_20180518_v02_r02.cdf,2,2,3,ok
2018-05-19,yes,mvn_lpw_l2_mrgscpot_20180519_v02_r01.cdf,2,1,3,ok
2018-05-20,yes,mvn_lpw_l2_mrgscpot_20180520_v02_r02.cdf,2,2,3,ok
2018-05-21,yes,mvn_lpw_l2_mrgscpot_20180521_v02_r01.cdf,2,1,3,ok
2018-05-22,yes,mvn_lpw_l2_mrgscpot_20180522_v02_r01.cdf,2,1,3,ok
2018-05-23,yes,mvn_lpw_l2_mrgscpot_20180523_v02_r01.cdf,2,1,3,ok
2018-05-24,yes,mvn_lpw_l2_mrgscpot_20180524_v02_r01.cdf,2,1,7,ok
2018-05-25,yes,mvn_lpw_l2_mrgscpot_20180525_v02_r01.cdf,2,1,9,ok
2018-05-26,yes,mvn_lpw_l2_mrgscpot_20180526_v02_r01.cdf,2,1,3,ok
2018-05-27,yes,mvn_lpw_l2_mrgscpot_20180527_v02_r02.cdf,2,2,3,ok
2018-05-28,yes,mvn_lpw_l2_mrgscpot_20180528_v02_r01.cdf,2,1,3,ok
2018-05-29,yes,mvn_lpw_l2_mrgscpot_20180529_v02_r01.cdf,2,1,3,ok
2018-05-30,yes,mvn_lpw_l2_mrgscpot_20180530_v02_r01.cdf,2,1,3,ok
2018-05-31,yes,mvn_lpw_l2_mrgscpot_20180531_v02_r01.cdf,2,1,10,ok
2018-06-01,yes,mvn_lpw_l2_mrgscpot_20180601_v02_r01.cdf,2,1,3,ok
2018-06-02,yes,mvn_lpw_l2_mrgscpot_20180602_v02_r01.cdf,2,1,3,ok
2018-06-03,yes,mvn_lpw_l2_mrgscpot_20180603_v02_r01.cdf,2,1,3,ok
2018-06-04,yes,mvn_lpw_l2_mrgscpot_20180604_v02_r01.cdf,2,1,3,ok
2018-06-05,yes,mvn_lpw_l2_mrgscpot_20180605_v02_r01.cdf,2,1,3,ok
2018-06-06,yes,mvn_lpw_l2_mrgscpot_20180606_v02_r01.cdf,2,1,3,ok
2018-06-07,yes,mvn_lpw_l2_mrgscpot_20180607_v02_r01.cdf,2,1,9,ok
2018-06-08,yes,mvn_lpw_l2_mrgscpot_20180608_v02_r01.cdf,2,1,3,ok
2018-06-09,yes,mvn_lpw_l2_mrgscpot_20180609_v02_r02.cdf,2,2,3,ok
2018-06-10,yes,mvn_lpw_l2_mrgscpot_20180610_v02_r02.cdf,2,2,3,ok
2018-06-11,yes,mvn_lpw_l2_mrgscpot_20180611_v02_r01.cdf,2,1,3,ok
2018-06-12,yes,mvn_lpw_l2_mrgscpot_20180612_v02_r01.cdf,2,1,3,ok
2018-06-13,yes,mvn_lpw_l2_mrgscpot_20180613_v02_r01.cdf,2,1,3,ok
2018-06-14,yes,mvn_lpw_l2_mrgscpot_20180614_v02_r02.cdf,2,2,3,ok
2018-06-15,yes,mvn_lpw_l2_mrgscpot_20180615_v02_r01.cdf,2,1,3,ok
2018-06-16,yes,mvn_lpw_l2_mrgscpot_20180616_v02_r01.cdf,2,1,3,ok
2018-06-17,yes,mvn_lpw_l2_mrgscpot_20180617_v02_r01.cdf,2,1,3,ok
2018-06-18,yes,mvn_lpw_l2_mrgscpot_20180618_v02_r02.cdf,2,2,3,ok
2018-06-19,yes,mvn_lpw_l2_mrgscpot_20180619_v02_r01.cdf,2,1,3,ok
2018-06-20,yes,mvn_lpw_l2_mrgscpot_20180620_v02_r01.cdf,2,1,3,ok
2018-06-21,yes,mvn_lpw_l2_mrgscpot_20180621_v02_r02.cdf,2,2,9,ok
2018-06-22,yes,mvn_lpw_l2_mrgscpot_20180622_v02_r02.cdf,2,2,3,ok
2018-06-23,yes,mvn_lpw_l2_mrgscpot_20180623_v02_r02.cdf,2,2,3,ok
2018-06-24,yes,mvn_lpw_l2_mrgscpot_20180624_v02_r02.cdf,2,2,3,ok
2018-06-25,yes,mvn_lpw_l2_mrgscpot_20180625_v02_r03.cdf,2,3,3,ok
2018-06-26,yes,mvn_lpw_l2_mrgscpot_20180626_v02_r03.cdf,2,3,3,ok
2018-06-27,yes,mvn_lpw_l2_mrgscpot_20180627_v02_r03.cdf,2,3,9,ok
2018-06-28,yes,mvn_lpw_l2_mrgscpot_20180628_v02_r03.cdf,2,3,3,ok
2018-06-29,yes,mvn_lpw_l2_mrgscpot_20180629_v02_r02.cdf,2,2,3,ok
2018-06-30,yes,mvn_lpw_l2_mrgscpot_20180630_v02_r02.cdf,2,2,3,ok
2018-07-01,yes,mvn_lpw_l2_mrgscpot_20180701_v02_r02.cdf,2,2,10,ok
2018-07-02,yes,mvn_lpw_l2_mrgscpot_20180702_v02_r02.cdf,2,2,3,ok
2018-07-03,yes,mvn_lpw_l2_mrgscpot_20180703_v02_r02.cdf,2,2,3,ok
2018-07-04,yes,mvn_lpw_l2_mrgscpot_20180704_v02_r02.cdf,2,2,3,ok
2018-07-05,yes,mvn_lpw_l2_mrgscpot_20180705_v02_r02.cdf,2,2,9,ok
2018-07-06,yes,mvn_lpw_l2_mrgscpot_20180706_v02_r02.cdf,2,2,3,ok
2018-07-07,yes,mvn_lpw_l2_mrgscpot_20180707_v02_r02.cdf,2,2,3,ok
2018-07-08,yes,mvn_lpw_l2_mrgscpot_20180708_v02_r02.cdf,2,2,3,ok
2018-07-09,yes,mvn_lpw_l2_mrgscpot_20180709_v02_r02.cdf,2,2,3,ok
2018-07-10,yes,mvn_lpw_l2_mrgscpot_20180710_v02_r02.cdf,2,2,3,ok
2018-07-11,yes,mvn_lpw_l2_mrgscpot_20180711_v02_r02.cdf,2,2,3,ok
2018-07-12,yes,mvn_lpw_l2_mrgscpot_20180712_v02_r02.cdf,2,2,3,ok
2018-07-13,yes,mvn_lpw_l2_mrgscpot_20180713_v02_r01.cdf,2,1,9,ok
2018-07-14,yes,mvn_lpw_l2_mrgscpot_20180714_v02_r01.cdf,2,1,3,ok
2018-07-15,no,,,,2,no_mrgscpot
2018-07-16,no,,,,2,no_mrgscpot
2018-07-17,yes,mvn_lpw_l2_mrgscpot_20180717_v02_r01.cdf,2,1,3,ok
2018-07-18,yes,mvn_lpw_l2_mrgscpot_20180718_v02_r01.cdf,2,1,3,ok
2018-07-19,yes,mvn_lpw_l2_mrgscpot_20180719_v02_r01.cdf,2,1,9,ok
2018-07-20,yes,mvn_lpw_l2_mrgscpot_20180720_v02_r01.cdf,2,1,3,ok
2018-07-21,yes,mvn_lpw_l2_mrgscpot_20180721_v02_r01.cdf,2,1,3,ok
2018-07-22,yes,mvn_lpw_l2_mrgscpot_20180722_v02_r02.cdf,2,2,3,ok
2018-07-23,yes,mvn_lpw_l2_mrgscpot_20180723_v02_r02.cdf,2,2,3,ok
2018-07-24,yes,mvn_lpw_l2_mrgscpot_20180724_v02_r02.cdf,2,2,3,ok
2018-07-25,yes,mvn_lpw_l2_mrgscpot_20180725_v02_r02.cdf,2,2,3,ok
2018-07-26,yes,mvn_lpw_l2_mrgscpot_20180726_v02_r02.cdf,2,2,3,ok
2018-07-27,yes,mvn_lpw_l2_mrgscpot_20180727_v02_r02.cdf,2,2,9,ok
2018-07-28,yes,mvn_lpw_l2_mrgscpot_20180728_v02_r02.cdf,2,2,3,ok
2018-07-29,yes,mvn_lpw_l2_mrgscpot_20180729_v02_r02.cdf,2,2,3,ok
2018-07-30,yes,mvn_lpw_l2_mrgscpot_20180730_v02_r02.cdf,2,2,3,ok
2018-07-31,yes,mvn_lpw_l2_mrgscpot_20180731_v02_r02.cdf,2,2,3,ok
2018-08-01,yes,mvn_lpw_l2_mrgscpot_20180801_v02_r01.cdf,2,1,3,ok
2018-08-02,yes,mvn_lpw_l2_mrgscpot_20180802_v02_r01.cdf,2,1,9,ok
2018-08-03,yes,mvn_lpw_l2_mrgscpot_20180803_v02_r01.cdf,2,1,3,ok
2018-08-04,yes,mvn_lpw_l2_mrgscpot_20180804_v02_r01.cdf,2,1,3,ok
2018-08-05,yes,mvn_lpw_l2_mrgscpot_20180805_v02_r01.cdf,2,1,3,ok
2018-08-06,yes,mvn_lpw_l2_mrgscpot_20180806_v02_r01.cdf,2,1,3,ok
2018-08-07,yes,mvn_lpw_l2_mrgscpot_20180807_v02_r01.cdf,2,1,3,ok
2018-08-08,yes,mvn_lpw_l2_mrgscpot_20180808_v02_r01.cdf,2,1,3,ok
2018-08-09,yes,mvn_lpw_l2_mrgscpot_20180809_v02_r01.cdf,2,1,9,ok
2018-08-10,yes,mvn_lpw_l2_mrgscpot_20180810_v02_r02.cdf,2,2,3,ok
2018-08-11,yes,mvn_lpw_l2_mrgscpot_20180811_v02_r02.cdf,2,2,3,ok
2018-08-12,yes,mvn_lpw_l2_mrgscpot_20180812_v02_r02.cdf,2,2,3,ok
2018-08-13,yes,mvn_lpw_l2_mrgscpot_20180813_v02_r02.cdf,2,2,3,ok
2018-08-14,yes,mvn_lpw_l2_mrgscpot_20180814_v02_r02.cdf,2,2,3,ok
2018-08-15,yes,mvn_lpw_l2_mrgscpot_20180815_v02_r02.cdf,2,2,3,ok
2018-08-16,yes,mvn_lpw_l2_mrgscpot_20180816_v02_r02.cdf,2,2,3,ok
2018-08-17,yes,mvn_lpw_l2_mrgscpot_20180817_v02_r02.cdf,2,2,9,ok
2018-08-18,yes,mvn_lpw_l2_mrgscpot_20180818_v02_r02.cdf,2,2,3,ok
2018-08-19,yes,mvn_lpw_l2_mrgscpot_20180819_v02_r02.cdf,2,2,3,ok
2018-08-20,yes,mvn_lpw_l2_mrgscpot_20180820_v02_r02.cdf,2,2,3,ok
2018-08-21,yes,mvn_lpw_l2_mrgscpot_20180821_v02_r02.cdf,2,2,3,ok
2018-08-22,yes,mvn_lpw_l2_mrgscpot_20180822_v02_r02.cdf,2,2,3,ok
2018-08-23,yes,mvn_lpw_l2_mrgscpot_20180823_v02_r02.cdf,2,2,9,ok
2018-08-24,yes,mvn_lpw_l2_mrgscpot_20180824_v02_r02.cdf,2,2,3,ok
2018-08-25,yes,mvn_lpw_l2_mrgscpot_20180825_v02_r02.cdf,2,2,3,ok
2018-08-26,yes,mvn_lpw_l2_mrgscpot_20180826_v02_r02.cdf,2,2,3,ok
2018-08-27,yes,mvn_lpw_l2_mrgscpot_20180827_v02_r02.cdf,2,2,3,ok
2018-08-28,yes,mvn_lpw_l2_mrgscpot_20180828_v02_r02.cdf,2,2,7,ok
2018-08-29,yes,mvn_lpw_l2_mrgscpot_20180829_v02_r01.cdf,2,1,3,ok
2018-08-30,yes,mvn_lpw_l2_mrgscpot_20180830_v02_r01.cdf,2,1,9,ok
2018-08-31,yes,mvn_lpw_l2_mrgscpot_20180831_v02_r01.cdf,2,1,3,ok
2018-09-01,yes,mvn_lpw_l2_mrgscpot_20180901_v02_r01.cdf,2,1,3,ok
2018-09-02,yes,mvn_lpw_l2_mrgscpot_20180902_v02_r01.cdf,2,1,3,ok
2018-09-03,yes,mvn_lpw_l2_mrgscpot_20180903_v02_r01.cdf,2,1,3,ok
2018-09-04,yes,mvn_lpw_l2_mrgscpot_20180904_v02_r01.cdf,2,1,3,ok
2018-09-05,yes,mvn_lpw_l2_mrgscpot_20180905_v02_r01.cdf,2,1,3,ok
2018-09-06,yes,mvn_lpw_l2_mrgscpot_20180906_v02_r01.cdf,2,1,9,ok
2018-09-07,yes,mvn_lpw_l2_mrgscpot_20180907_v02_r01.cdf,2,1,3,ok
2018-09-08,yes,mvn_lpw_l2_mrgscpot_20180908_v02_r01.cdf,2,1,3,ok
2018-09-09,yes,mvn_lpw_l2_mrgscpot_20180909_v02_r01.cdf,2,1,3,ok
2018-09-10,yes,mvn_lpw_l2_mrgscpot_20180910_v02_r01.cdf,2,1,3,ok
2018-09-11,no,,,,3,no_mrgscpot
2018-09-12,yes,mvn_lpw_l2_mrgscpot_20180912_v02_r01.cdf,2,1,3,ok
2018-09-13,yes,mvn_lpw_l2_mrgscpot_20180913_v02_r01.cdf,2,1,3,ok
2018-09-14,yes,mvn_lpw_l2_mrgscpot_20180914_v02_r01.cdf,2,1,3,ok
2018-09-15,yes,mvn_lpw_l2_mrgscpot_20180915_v02_r01.cdf,2,1,9,ok
2018-09-16,no,,,,2,no_mrgscpot
2018-09-17,yes,mvn_lpw_l2_mrgscpot_20180917_v02_r01.cdf,2,1,3,ok
2018-09-18,yes,mvn_lpw_l2_mrgscpot_20180918_v02_r01.cdf,2,1,3,ok
2018-09-19,yes,mvn_lpw_l2_mrgscpot_20180919_v02_r01.cdf,2,1,10,ok
2018-09-20,yes,mvn_lpw_l2_mrgscpot_20180920_v02_r01.cdf,2,1,9,ok
2018-09-21,yes,mvn_lpw_l2_mrgscpot_20180921_v02_r01.cdf,2,1,3,ok
2018-09-22,yes,mvn_lpw_l2_mrgscpot_20180922_v02_r01.cdf,2,1,3,ok
2018-09-23,yes,mvn_lpw_l2_mrgscpot_20180923_v02_r01.cdf,2,1,3,ok
2018-09-24,yes,mvn_lpw_l2_mrgscpot_20180924_v02_r01.cdf,2,1,3,ok
2018-09-25,yes,mvn_lpw_l2_mrgscpot_20180925_v02_r01.cdf,2,1,3,ok
2018-09-26,yes,mvn_lpw_l2_mrgscpot_20180926_v02_r01.cdf,2,1,3,ok
2018-09-27,yes,mvn_lpw_l2_mrgscpot_20180927_v02_r01.cdf,2,1,9,ok
2018-09-28,no,,,,2,no_mrgscpot
2018-09-29,no,,,,2,no_mrgscpot
2018-09-30,no,,,,2,no_mrgscpot
2018-10-01,yes,mvn_lpw_l2_mrgscpot_20181001_v02_r02.cdf,2,2,10,ok
2018-10-02,yes,mvn_lpw_l2_mrgscpot_20181002_v02_r02.cdf,2,2,3,ok
2018-10-03,yes,mvn_lpw_l2_mrgscpot_20181003_v02_r02.cdf,2,2,10,ok
2018-10-04,yes,mvn_lpw_l2_mrgscpot_20181004_v02_r02.cdf,2,2,9,ok
2018-10-05,yes,mvn_lpw_l2_mrgscpot_20181005_v02_r01.cdf,2,1,3,ok
2018-10-06,yes,mvn_lpw_l2_mrgscpot_20181006_v02_r01.cdf,2,1,3,ok
2018-10-07,yes,mvn_lpw_l2_mrgscpot_20181007_v02_r01.cdf,2,1,3,ok
2018-10-08,yes,mvn_lpw_l2_mrgscpot_20181008_v02_r01.cdf,2,1,3,ok
2018-10-09,yes,mvn_lpw_l2_mrgscpot_20181009_v02_r02.cdf,2,2,3,ok
2018-10-10,yes,mvn_lpw_l2_mrgscpot_20181010_v02_r02.cdf,2,2,3,ok
2018-10-11,yes,mvn_lpw_l2_mrgscpot_20181011_v02_r02.cdf,2,2,9,ok
2018-10-12,yes,mvn_lpw_l2_mrgscpot_20181012_v02_r01.cdf,2,1,3,ok
2018-10-13,no,,,,2,no_mrgscpot
2018-10-14,yes,mvn_lpw_l2_mrgscpot_20181014_v02_r01.cdf,2,1,3,ok
2018-10-15,yes,mvn_lpw_l2_mrgscpot_20181015_v02_r01.cdf,2,1,3,ok
2018-10-16,yes,mvn_lpw_l2_mrgscpot_20181016_v02_r01.cdf,2,1,3,ok
2018-10-17,yes,mvn_lpw_l2_mrgscpot_20181017_v02_r01.cdf,2,1,10,ok
2018-10-18,yes,mvn_lpw_l2_mrgscpot_20181018_v02_r01.cdf,2,1,9,ok
2018-10-19,yes,mvn_lpw_l2_mrgscpot_20181019_v02_r01.cdf,2,1,3,ok
2018-10-20,yes,mvn_lpw_l2_mrgscpot_20181020_v02_r02.cdf,2,2,3,ok
2018-10-21,yes,mvn_lpw_l2_mrgscpot_20181021_v02_r02.cdf,2,2,3,ok
2018-10-22,yes,mvn_lpw_l2_mrgscpot_20181022_v02_r02.cdf,2,2,3,ok
2018-10-23,yes,mvn_lpw_l2_mrgscpot_20181023_v02_r02.cdf,2,2,3,ok
2018-10-24,yes,mvn_lpw_l2_mrgscpot_20181024_v02_r02.cdf,2,2,3,ok
2018-10-25,yes,mvn_lpw_l2_mrgscpot_20181025_v02_r02.cdf,2,2,9,ok
2018-10-26,yes,mvn_lpw_l2_mrgscpot_20181026_v02_r02.cdf,2,2,3,ok
2018-10-27,yes,mvn_lpw_l2_mrgscpot_20181027_v02_r02.cdf,2,2,3,ok
2018-10-28,yes,mvn_lpw_l2_mrgscpot_20181028_v02_r02.cdf,2,2,3,ok
2018-10-29,yes,mvn_lpw_l2_mrgscpot_20181029_v02_r02.cdf,2,2,3,ok
2018-10-30,yes,mvn_lpw_l2_mrgscpot_20181030_v02_r01.cdf,2,1,3,ok
2018-10-31,yes,mvn_lpw_l2_mrgscpot_20181031_v02_r01.cdf,2,1,10,ok
2018-11-01,yes,mvn_lpw_l2_mrgscpot_20181101_v02_r03.cdf,2,3,9,ok
2018-11-02,yes,mvn_lpw_l2_mrgscpot_20181102_v02_r03.cdf,2,3,3,ok
2018-11-03,yes,mvn_lpw_l2_mrgscpot_20181103_v02_r03.cdf,2,3,3,ok
2018-11-04,yes,mvn_lpw_l2_mrgscpot_20181104_v02_r03.cdf,2,3,3,ok
2018-11-05,yes,mvn_lpw_l2_mrgscpot_20181105_v02_r03.cdf,2,3,3,ok
2018-11-06,yes,mvn_lpw_l2_mrgscpot_20181106_v02_r03.cdf,2,3,7,ok
2018-11-07,yes,mvn_lpw_l2_mrgscpot_20181107_v02_r03.cdf,2,3,10,ok
2018-11-08,yes,mvn_lpw_l2_mrgscpot_20181108_v02_r04.cdf,2,4,10,ok
2018-11-09,yes,mvn_lpw_l2_mrgscpot_20181109_v02_r02.cdf,2,2,3,ok
2018-11-10,yes,mvn_lpw_l2_mrgscpot_20181110_v02_r02.cdf,2,2,3,ok
2018-11-11,yes,mvn_lpw_l2_mrgscpot_20181111_v02_r02.cdf,2,2,3,ok
2018-11-12,yes,mvn_lpw_l2_mrgscpot_20181112_v02_r02.cdf,2,2,3,ok
2018-11-13,yes,mvn_lpw_l2_mrgscpot_20181113_v02_r02.cdf,2,2,10,ok
2018-11-14,yes,mvn_lpw_l2_mrgscpot_20181114_v02_r02.cdf,2,2,3,ok
2018-11-15,yes,mvn_lpw_l2_mrgscpot_20181115_v02_r02.cdf,2,2,9,ok
2018-11-16,yes,mvn_lpw_l2_mrgscpot_20181116_v02_r02.cdf,2,2,3,ok
2018-11-17,yes,mvn_lpw_l2_mrgscpot_20181117_v02_r02.cdf,2,2,3,ok
2018-11-18,yes,mvn_lpw_l2_mrgscpot_20181118_v02_r02.cdf,2,2,3,ok
2018-11-19,yes,mvn_lpw_l2_mrgscpot_20181119_v02_r02.cdf,2,2,3,ok
2018-11-20,yes,mvn_lpw_l2_mrgscpot_20181120_v02_r02.cdf,2,2,3,ok
2018-11-21,yes,mvn_lpw_l2_mrgscpot_20181121_v02_r02.cdf,2,2,3,ok
2018-11-22,yes,mvn_lpw_l2_mrgscpot_20181122_v02_r03.cdf,2,3,9,ok
2018-11-23,yes,mvn_lpw_l2_mrgscpot_20181123_v02_r02.cdf,2,2,3,ok
2018-11-24,yes,mvn_lpw_l2_mrgscpot_20181124_v02_r02.cdf,2,2,3,ok
2018-11-25,yes,mvn_lpw_l2_mrgscpot_20181125_v02_r02.cdf,2,2,3,ok
2018-11-26,yes,mvn_lpw_l2_mrgscpot_20181126_v02_r02.cdf,2,2,3,ok
2018-11-27,yes,mvn_lpw_l2_mrgscpot_20181127_v02_r02.cdf,2,2,3,ok
2018-11-28,yes,mvn_lpw_l2_mrgscpot_20181128_v02_r02.cdf,2,2,10,ok
2018-11-29,yes,mvn_lpw_l2_mrgscpot_20181129_v02_r01.cdf,2,1,9,ok
2018-11-30,yes,mvn_lpw_l2_mrgscpot_20181130_v02_r01.cdf,2,1,3,ok
2018-12-01,yes,mvn_lpw_l2_mrgscpot_20181201_v02_r03.cdf,2,3,3,ok
2018-12-02,yes,mvn_lpw_l2_mrgscpot_20181202_v02_r03.cdf,2,3,3,ok
2018-12-03,yes,mvn_lpw_l2_mrgscpot_20181203_v02_r02.cdf,2,2,3,ok
2018-12-04,yes,mvn_lpw_l2_mrgscpot_20181204_v02_r03.cdf,2,3,3,ok
2018-12-05,yes,mvn_lpw_l2_mrgscpot_20181205_v02_r03.cdf,2,3,3,ok
2018-12-06,yes,mvn_lpw_l2_mrgscpot_20181206_v02_r03.cdf,2,3,9,ok
2018-12-07,yes,mvn_lpw_l2_mrgscpot_20181207_v02_r03.cdf,2,3,3,ok
2018-12-08,yes,mvn_lpw_l2_mrgscpot_20181208_v02_r03.cdf,2,3,3,ok
2018-12-09,yes,mvn_lpw_l2_mrgscpot_20181209_v02_r03.cdf,2,3,3,ok
2018-12-10,yes,mvn_lpw_l2_mrgscpot_20181210_v02_r03.cdf,2,3,3,ok
2018-12-11,yes,mvn_lpw_l2_mrgscpot_20181211_v02_r03.cdf,2,3,3,ok
2018-12-12,yes,mvn_lpw_l2_mrgscpot_20181212_v02_r03.cdf,2,3,3,ok
2018-12-13,yes,mvn_lpw_l2_mrgscpot_20181213_v02_r03.cdf,2,3,3,ok
2018-12-14,yes,mvn_lpw_l2_mrgscpot_20181214_v02_r03.cdf,2,3,3,ok
2018-12-15,yes,mvn_lpw_l2_mrgscpot_20181215_v02_r03.cdf,2,3,3,ok
2018-12-16,yes,mvn_lpw_l2_mrgscpot_20181216_v02_r03.cdf,2,3,3,ok
2018-12-17,yes,mvn_lpw_l2_mrgscpot_20181217_v02_r03.cdf,2,3,3,ok
2018-12-18,yes,mvn_lpw_l2_mrgscpot_20181218_v02_r03.cdf,2,3,3,ok
2018-12-19,yes,mvn_lpw_l2_mrgscpot_20181219_v02_r03.cdf,2,3,3,ok
2018-12-20,yes,mvn_lpw_l2_mrgscpot_20181220_v02_r04.cdf,2,4,3,ok
2018-12-21,yes,mvn_lpw_l2_mrgscpot_20181221_v02_r03.cdf,2,3,3,ok
2018-12-22,yes,mvn_lpw_l2_mrgscpot_20181222_v02_r02.cdf,2,2,3,ok
2018-12-23,yes,mvn_lpw_l2_mrgscpot_20181223_v02_r02.cdf,2,2,3,ok
2018-12-24,yes,mvn_lpw_l2_mrgscpot_20181224_v02_r03.cdf,2,3,3,ok
2018-12-25,yes,mvn_lpw_l2_mrgscpot_20181225_v02_r02.cdf,2,2,3,ok
2018-12-26,yes,mvn_lpw_l2_mrgscpot_20181226_v02_r03.cdf,2,3,3,ok
2018-12-27,yes,mvn_lpw_l2_mrgscpot_20181227_v02_r03.cdf,2,3,3,ok
2018-12-28,yes,mvn_lpw_l2_mrgscpot_20181228_v02_r03.cdf,2,3,3,ok
2018-12-29,no,,,,2,no_mrgscpot
2018-12-30,yes,mvn_lpw_l2_mrgscpot_20181230_v02_r03.cdf,2,3,3,ok
2018-12-31,yes,mvn_lpw_l2_mrgscpot_20181231_v02_r03.cdf,2,3,3,ok
2019-01-01,yes,mvn_lpw_l2_mrgscpot_20190101_v02_r04.cdf,2,4,3,ok
2019-01-02,yes,mvn_lpw_l2_mrgscpot_20190102_v02_r04.cdf,2,4,10,ok
2019-01-03,yes,mvn_lpw_l2_mrgscpot_20190103_v02_r04.cdf,2,4,3,ok
2019-01-04,yes,mvn_lpw_l2_mrgscpot_20190104_v02_r04.cdf,2,4,3,ok
2019-01-05,yes,mvn_lpw_l2_mrgscpot_20190105_v02_r03.cdf,2,3,3,ok
2019-01-06,yes,mvn_lpw_l2_mrgscpot_20190106_v02_r03.cdf,2,3,3,ok
2019-01-07,yes,mvn_lpw_l2_mrgscpot_20190107_v02_r04.cdf,2,4,3,ok
2019-01-08,yes,mvn_lpw_l2_mrgscpot_20190108_v02_r03.cdf,2,3,3,ok
2019-01-09,yes,mvn_lpw_l2_mrgscpot_20190109_v02_r03.cdf,2,3,3,ok
2019-01-10,yes,mvn_lpw_l2_mrgscpot_20190110_v02_r03.cdf,2,3,3,ok
2019-01-11,yes,mvn_lpw_l2_mrgscpot_20190111_v02_r04.cdf,2,4,3,ok
2019-01-12,yes,mvn_lpw_l2_mrgscpot_20190112_v02_r03.cdf,2,3,3,ok
2019-01-13,yes,mvn_lpw_l2_mrgscpot_20190113_v02_r03.cdf,2,3,3,ok
2019-01-14,yes,mvn_lpw_l2_mrgscpot_20190114_v02_r03.cdf,2,3,3,ok
2019-01-15,yes,mvn_lpw_l2_mrgscpot_20190115_v02_r03.cdf,2,3,3,ok
2019-01-16,yes,mvn_lpw_l2_mrgscpot_20190116_v02_r03.cdf,2,3,3,ok
2019-01-17,yes,mvn_lpw_l2_mrgscpot_20190117_v02_r03.cdf,2,3,3,ok
2019-01-18,yes,mvn_lpw_l2_mrgscpot_20190118_v02_r03.cdf,2,3,3,ok
2019-01-19,yes,mvn_lpw_l2_mrgscpot_20190119_v02_r03.cdf,2,3,3,ok
2019-01-20,yes,mvn_lpw_l2_mrgscpot_20190120_v02_r03.cdf,2,3,3,ok
2019-01-21,yes,mvn_lpw_l2_mrgscpot_20190121_v02_r03.cdf,2,3,3,ok
2019-01-22,yes,mvn_lpw_l2_mrgscpot_20190122_v02_r03.cdf,2,3,3,ok
2019-01-23,yes,mvn_lpw_l2_mrgscpot_20190123_v02_r03.cdf,2,3,3,ok
2019-01-24,yes,mvn_lpw_l2_mrgscpot_20190124_v02_r03.cdf,2,3,3,ok
2019-01-25,yes,mvn_lpw_l2_mrgscpot_20190125_v02_r03.cdf,2,3,3,ok
2019-01-26,yes,mvn_lpw_l2_mrgscpot_20190126_v02_r03.cdf,2,3,3,ok
2019-01-27,yes,mvn_lpw_l2_mrgscpot_20190127_v02_r03.cdf,2,3,3,ok
2019-01-28,yes,mvn_lpw_l2_mrgscpot_20190128_v02_r02.cdf,2,2,3,ok
2019-01-29,yes,mvn_lpw_l2_mrgscpot_20190129_v02_r02.cdf,2,2,3,ok
2019-01-30,yes,mvn_lpw_l2_mrgscpot_20190130_v02_r03.cdf,2,3,3,ok
2019-01-31,yes,mvn_lpw_l2_mrgscpot_20190131_v02_r02.cdf,2,2,3,ok
2019-02-01,yes,mvn_lpw_l2_mrgscpot_20190201_v02_r02.cdf,2,2,3,ok
2019-02-02,yes,mvn_lpw_l2_mrgscpot_20190202_v02_r02.cdf,2,2,3,ok
2019-02-03,yes,mvn_lpw_l2_mrgscpot_20190203_v02_r01.cdf,2,1,10,ok
2019-02-04,yes,mvn_lpw_l2_mrgscpot_20190204_v02_r01.cdf,2,1,3,ok
2019-02-05,yes,mvn_lpw_l2_mrgscpot_20190205_v02_r02.cdf,2,2,4,ok
2019-02-06,yes,mvn_lpw_l2_mrgscpot_20190206_v02_r01.cdf,2,1,3,ok
2019-02-07,yes,mvn_lpw_l2_mrgscpot_20190207_v02_r01.cdf,2,1,3,ok
2019-02-08,yes,mvn_lpw_l2_mrgscpot_20190208_v02_r01.cdf,2,1,3,ok
2019-02-09,yes,mvn_lpw_l2_mrgscpot_20190209_v02_r01.cdf,2,1,3,ok
2019-02-10,yes,mvn_lpw_l2_mrgscpot_20190210_v02_r03.cdf,2,3,3,ok
2019-02-11,yes,mvn_lpw_l2_mrgscpot_20190211_v02_r03.cdf,2,3,3,ok
2019-02-12,yes,mvn_lpw_l2_mrgscpot_20190212_v02_r03.cdf,2,3,3,ok
2019-02-13,yes,mvn_lpw_l2_mrgscpot_20190213_v02_r03.cdf,2,3,3,ok
2019-02-14,yes,mvn_lpw_l2_mrgscpot_20190214_v02_r03.cdf,2,3,3,ok
2019-02-15,yes,mvn_lpw_l2_mrgscpot_20190215_v02_r04.cdf,2,4,3,ok
2019-02-16,yes,mvn_lpw_l2_mrgscpot_20190216_v02_r04.cdf,2,4,3,ok
2019-02-17,yes,mvn_lpw_l2_mrgscpot_20190217_v02_r04.cdf,2,4,3,ok
2019-02-18,yes,mvn_lpw_l2_mrgscpot_20190218_v02_r05.cdf,2,5,3,ok
2019-02-19,yes,mvn_lpw_l2_mrgscpot_20190219_v02_r04.cdf,2,4,3,ok
2019-02-20,yes,mvn_lpw_l2_mrgscpot_20190220_v02_r05.cdf,2,5,3,ok
2019-02-21,yes,mvn_lpw_l2_mrgscpot_20190221_v02_r02.cdf,2,2,3,ok
2019-02-22,yes,mvn_lpw_l2_mrgscpot_20190222_v02_r03.cdf,2,3,3,ok
2019-02-23,yes,mvn_lpw_l2_mrgscpot_20190223_v02_r05.cdf,2,5,3,ok
2019-02-24,yes,mvn_lpw_l2_mrgscpot_20190224_v02_r05.cdf,2,5,3,ok
2019-02-25,yes,mvn_lpw_l2_mrgscpot_20190225_v02_r05.cdf,2,5,3,ok
2019-02-26,yes,mvn_lpw_l2_mrgscpot_20190226_v02_r05.cdf,2,5,3,ok
2019-02-27,yes,mvn_lpw_l2_mrgscpot_20190227_v02_r05.cdf,2,5,3,ok
2019-02-28,yes,mvn_lpw_l2_mrgscpot_20190228_v02_r05.cdf,2,5,3,ok
2019-03-01,yes,mvn_lpw_l2_mrgscpot_20190301_v02_r04.cdf,2,4,10,ok
2019-03-02,yes,mvn_lpw_l2_mrgscpot_20190302_v02_r04.cdf,2,4,3,ok
2019-03-03,yes,mvn_lpw_l2_mrgscpot_20190303_v02_r04.cdf,2,4,3,ok
2019-03-04,yes,mvn_lpw_l2_mrgscpot_20190304_v02_r04.cdf,2,4,3,ok
2019-03-05,yes,mvn_lpw_l2_mrgscpot_20190305_v02_r05.cdf,2,5,3,ok
2019-03-06,yes,mvn_lpw_l2_mrgscpot_20190306_v02_r05.cdf,2,5,3,ok
2019-03-07,yes,mvn_lpw_l2_mrgscpot_20190307_v02_r04.cdf,2,4,3,ok
2019-03-08,yes,mvn_lpw_l2_mrgscpot_20190308_v02_r03.cdf,2,3,3,ok
2019-03-09,yes,mvn_lpw_l2_mrgscpot_20190309_v02_r03.cdf,2,3,3,ok
2019-03-10,yes,mvn_lpw_l2_mrgscpot_20190310_v02_r03.cdf,2,3,3,ok
2019-03-11,yes,mvn_lpw_l2_mrgscpot_20190311_v02_r03.cdf,2,3,3,ok
2019-03-12,yes,mvn_lpw_l2_mrgscpot_20190312_v02_r03.cdf,2,3,3,ok
2019-03-13,yes,mvn_lpw_l2_mrgscpot_20190313_v02_r02.cdf,2,2,3,ok
2019-03-14,yes,mvn_lpw_l2_mrgscpot_20190314_v02_r02.cdf,2,2,3,ok
2019-03-15,yes,mvn_lpw_l2_mrgscpot_20190315_v02_r02.cdf,2,2,3,ok
2019-03-16,yes,mvn_lpw_l2_mrgscpot_20190316_v02_r02.cdf,2,2,3,ok
2019-03-17,yes,mvn_lpw_l2_mrgscpot_20190317_v02_r02.cdf,2,2,3,ok
2019-03-18,yes,mvn_lpw_l2_mrgscpot_20190318_v02_r02.cdf,2,2,3,ok
2019-03-19,yes,mvn_lpw_l2_mrgscpot_20190319_v02_r02.cdf,2,2,3,ok
2019-03-20,yes,mvn_lpw_l2_mrgscpot_20190320_v02_r02.cdf,2,2,3,ok
2019-03-21,yes,mvn_lpw_l2_mrgscpot_20190321_v02_r02.cdf,2,2,3,ok
2019-03-22,yes,mvn_lpw_l2_mrgscpot_20190322_v02_r02.cdf,2,2,3,ok
2019-03-23,yes,mvn_lpw_l2_mrgscpot_20190323_v02_r02.cdf,2,2,3,ok
2019-03-24,yes,mvn_lpw_l2_mrgscpot_20190324_v02_r02.cdf,2,2,3,ok
2019-03-25,yes,mvn_lpw_l2_mrgscpot_20190325_v02_r02.cdf,2,2,3,ok
2019-03-26,yes,mvn_lpw_l2_mrgscpot_20190326_v02_r02.cdf,2,2,3,ok
2019-03-27,yes,mvn_lpw_l2_mrgscpot_20190327_v02_r01.cdf,2,1,3,ok
2019-03-28,yes,mvn_lpw_l2_mrgscpot_20190328_v02_r01.cdf,2,1,3,ok
2019-03-29,yes,mvn_lpw_l2_mrgscpot_20190329_v02_r02.cdf,2,2,3,ok
2019-03-30,yes,mvn_lpw_l2_mrgscpot_20190330_v02_r01.cdf,2,1,3,ok
2019-03-31,yes,mvn_lpw_l2_mrgscpot_20190331_v02_r01.cdf,2,1,10,ok
2019-04-01,yes,mvn_lpw_l2_mrgscpot_20190401_v02_r02.cdf,2,2,3,ok
2019-04-02,yes,mvn_lpw_l2_mrgscpot_20190402_v02_r02.cdf,2,2,3,ok
2019-04-03,yes,mvn_lpw_l2_mrgscpot_20190403_v02_r02.cdf,2,2,3,ok
2019-04-04,yes,mvn_lpw_l2_mrgscpot_20190404_v02_r02.cdf,2,2,3,ok
2019-04-05,yes,mvn_lpw_l2_mrgscpot_20190405_v02_r03.cdf,2,3,3,ok
2019-04-06,yes,mvn_lpw_l2_mrgscpot_20190406_v02_r02.cdf,2,2,3,ok
2019-04-07,yes,mvn_lpw_l2_mrgscpot_20190407_v02_r02.cdf,2,2,3,ok
2019-04-08,yes,mvn_lpw_l2_mrgscpot_20190408_v02_r02.cdf,2,2,3,ok
2019-04-09,yes,mvn_lpw_l2_mrgscpot_20190409_v02_r02.cdf,2,2,3,ok
2019-04-10,yes,mvn_lpw_l2_mrgscpot_20190410_v02_r02.cdf,2,2,3,ok
2019-04-11,yes,mvn_lpw_l2_mrgscpot_20190411_v02_r02.cdf,2,2,3,ok
2019-04-12,yes,mvn_lpw_l2_mrgscpot_20190412_v02_r02.cdf,2,2,3,ok
2019-04-13,yes,mvn_lpw_l2_mrgscpot_20190413_v02_r02.cdf,2,2,3,ok
2019-04-14,yes,mvn_lpw_l2_mrgscpot_20190414_v02_r02.cdf,2,2,3,ok
2019-04-15,yes,mvn_lpw_l2_mrgscpot_20190415_v02_r01.cdf,2,1,3,ok
2019-04-16,yes,mvn_lpw_l2_mrgscpot_20190416_v02_r01.cdf,2,1,3,ok
2019-04-17,yes,mvn_lpw_l2_mrgscpot_20190417_v02_r01.cdf,2,1,3,ok
2019-04-18,yes,mvn_lpw_l2_mrgscpot_20190418_v02_r01.cdf,2,1,10,ok
2019-04-19,yes,mvn_lpw_l2_mrgscpot_20190419_v02_r01.cdf,2,1,3,ok
2019-04-20,yes,mvn_lpw_l2_mrgscpot_20190420_v02_r03.cdf,2,3,3,ok
2019-04-21,yes,mvn_lpw_l2_mrgscpot_20190421_v02_r03.cdf,2,3,3,ok
2019-04-22,yes,mvn_lpw_l2_mrgscpot_20190422_v02_r03.cdf,2,3,3,ok
2019-04-23,yes,mvn_lpw_l2_mrgscpot_20190423_v02_r03.cdf,2,3,3,ok
2019-04-24,yes,mvn_lpw_l2_mrgscpot_20190424_v02_r03.cdf,2,3,3,ok
2019-04-25,yes,mvn_lpw_l2_mrgscpot_20190425_v02_r03.cdf,2,3,3,ok
2019-04-26,yes,mvn_lpw_l2_mrgscpot_20190426_v02_r03.cdf,2,3,3,ok
2019-04-27,yes,mvn_lpw_l2_mrgscpot_20190427_v02_r03.cdf,2,3,3,ok
2019-04-28,yes,mvn_lpw_l2_mrgscpot_20190428_v02_r03.cdf,2,3,3,ok
2019-04-29,yes,mvn_lpw_l2_mrgscpot_20190429_v02_r03.cdf,2,3,3,ok
2019-04-30,yes,mvn_lpw_l2_mrgscpot_20190430_v02_r03.cdf,2,3,3,ok
2019-05-01,yes,mvn_lpw_l2_mrgscpot_20190501_v02_r02.cdf,2,2,10,ok
2019-05-02,yes,mvn_lpw_l2_mrgscpot_20190502_v02_r02.cdf,2,2,3,ok
2019-05-03,yes,mvn_lpw_l2_mrgscpot_20190503_v02_r02.cdf,2,2,3,ok
2019-05-04,yes,mvn_lpw_l2_mrgscpot_20190504_v02_r02.cdf,2,2,3,ok
2019-05-05,yes,mvn_lpw_l2_mrgscpot_20190505_v02_r02.cdf,2,2,3,ok
2019-05-06,yes,mvn_lpw_l2_mrgscpot_20190506_v02_r02.cdf,2,2,3,ok
2019-05-07,yes,mvn_lpw_l2_mrgscpot_20190507_v02_r02.cdf,2,2,3,ok
2019-05-08,yes,mvn_lpw_l2_mrgscpot_20190508_v02_r02.cdf,2,2,3,ok
2019-05-09,yes,mvn_lpw_l2_mrgscpot_20190509_v02_r02.cdf,2,2,3,ok
2019-05-10,yes,mvn_lpw_l2_mrgscpot_20190510_v02_r03.cdf,2,3,3,ok
2019-05-11,yes,mvn_lpw_l2_mrgscpot_20190511_v02_r03.cdf,2,3,3,ok
2019-05-12,yes,mvn_lpw_l2_mrgscpot_20190512_v02_r03.cdf,2,3,3,ok
2019-05-13,yes,mvn_lpw_l2_mrgscpot_20190513_v02_r03.cdf,2,3,3,ok
2019-05-14,yes,mvn_lpw_l2_mrgscpot_20190514_v02_r03.cdf,2,3,3,ok
2019-05-15,yes,mvn_lpw_l2_mrgscpot_20190515_v02_r01.cdf,2,1,10,ok
2019-05-16,yes,mvn_lpw_l2_mrgscpot_20190516_v02_r01.cdf,2,1,3,ok
2019-05-17,yes,mvn_lpw_l2_mrgscpot_20190517_v02_r01.cdf,2,1,3,ok
2019-05-18,yes,mvn_lpw_l2_mrgscpot_20190518_v02_r03.cdf,2,3,3,ok
2019-05-19,yes,mvn_lpw_l2_mrgscpot_20190519_v02_r03.cdf,2,3,3,ok
2019-05-20,yes,mvn_lpw_l2_mrgscpot_20190520_v02_r02.cdf,2,2,3,ok
2019-05-21,yes,mvn_lpw_l2_mrgscpot_20190521_v02_r02.cdf,2,2,3,ok
2019-05-22,yes,mvn_lpw_l2_mrgscpot_20190522_v02_r02.cdf,2,2,3,ok
2019-05-23,yes,mvn_lpw_l2_mrgscpot_20190523_v02_r02.cdf,2,2,3,ok
2019-05-24,yes,mvn_lpw_l2_mrgscpot_20190524_v02_r02.cdf,2,2,3,ok
2019-05-25,yes,mvn_lpw_l2_mrgscpot_20190525_v02_r03.cdf,2,3,3,ok
2019-05-26,yes,mvn_lpw_l2_mrgscpot_20190526_v02_r03.cdf,2,3,3,ok
2019-05-27,yes,mvn_lpw_l2_mrgscpot_20190527_v02_r03.cdf,2,3,4,ok
2019-05-28,yes,mvn_lpw_l2_mrgscpot_20190528_v02_r01.cdf,2,1,3,ok
2019-05-29,yes,mvn_lpw_l2_mrgscpot_20190529_v02_r01.cdf,2,1,10,ok
2019-05-30,yes,mvn_lpw_l2_mrgscpot_20190530_v02_r01.cdf,2,1,3,ok
2019-05-31,yes,mvn_lpw_l2_mrgscpot_20190531_v02_r01.cdf,2,1,3,ok
2019-06-01,yes,mvn_lpw_l2_mrgscpot_20190601_v02_r02.cdf,2,2,10,ok
2019-06-02,yes,mvn_lpw_l2_mrgscpot_20190602_v02_r02.cdf,2,2,9,ok
2019-06-03,yes,mvn_lpw_l2_mrgscpot_20190603_v02_r02.cdf,2,2,3,ok
2019-06-04,yes,mvn_lpw_l2_mrgscpot_20190604_v02_r02.cdf,2,2,3,ok
2019-06-05,yes,mvn_lpw_l2_mrgscpot_20190605_v02_r02.cdf,2,2,3,ok
2019-06-06,yes,mvn_lpw_l2_mrgscpot_20190606_v02_r02.cdf,2,2,3,ok
2019-06-07,yes,mvn_lpw_l2_mrgscpot_20190607_v02_r02.cdf,2,2,3,ok
2019-06-08,yes,mvn_lpw_l2_mrgscpot_20190608_v02_r02.cdf,2,2,3,ok
2019-06-09,yes,mvn_lpw_l2_mrgscpot_20190609_v02_r02.cdf,2,2,3,ok
2019-06-10,yes,mvn_lpw_l2_mrgscpot_20190610_v02_r01.cdf,2,1,3,ok
2019-06-11,yes,mvn_lpw_l2_mrgscpot_20190611_v02_r01.cdf,2,1,3,ok
2019-06-12,yes,mvn_lpw_l2_mrgscpot_20190612_v02_r01.cdf,2,1,3,ok
2019-06-13,yes,mvn_lpw_l2_mrgscpot_20190613_v02_r01.cdf,2,1,3,ok
2019-06-14,yes,mvn_lpw_l2_mrgscpot_20190614_v02_r01.cdf,2,1,3,ok
2019-06-15,yes,mvn_lpw_l2_mrgscpot_20190615_v02_r01.cdf,2,1,3,ok
2019-06-16,yes,mvn_lpw_l2_mrgscpot_20190616_v02_r01.cdf,2,1,3,ok
2019-06-17,yes,mvn_lpw_l2_mrgscpot_20190617_v02_r01.cdf,2,1,3,ok
2019-06-18,yes,mvn_lpw_l2_mrgscpot_20190618_v02_r01.cdf,2,1,3,ok
2019-06-19,yes,mvn_lpw_l2_mrgscpot_20190619_v02_r01.cdf,2,1,3,ok
2019-06-20,yes,mvn_lpw_l2_mrgscpot_20190620_v02_r01.cdf,2,1,3,ok
2019-06-21,yes,mvn_lpw_l2_mrgscpot_20190621_v02_r01.cdf,2,1,3,ok
2019-06-22,yes,mvn_lpw_l2_mrgscpot_20190622_v02_r01.cdf,2,1,3,ok
2019-06-23,yes,mvn_lpw_l2_mrgscpot_20190623_v02_r01.cdf,2,1,3,ok
2019-06-24,yes,mvn_lpw_l2_mrgscpot_20190624_v02_r01.cdf,2,1,3,ok
2019-06-25,yes,mvn_lpw_l2_mrgscpot_20190625_v02_r01.cdf,2,1,3,ok
2019-06-26,yes,mvn_lpw_l2_mrgscpot_20190626_v02_r01.cdf,2,1,3,ok
2019-06-27,yes,mvn_lpw_l2_mrgscpot_20190627_v02_r01.cdf,2,1,3,ok
2019-06-28,yes,mvn_lpw_l2_mrgscpot_20190628_v02_r01.cdf,2,1,3,ok
2019-06-29,yes,mvn_lpw_l2_mrgscpot_20190629_v02_r01.cdf,2,1,3,ok
2019-06-30,yes,mvn_lpw_l2_mrgscpot_20190630_v02_r01.cdf,2,1,3,ok
2019-07-01,yes,mvn_lpw_l2_mrgscpot_20190701_v02_r01.cdf,2,1,3,ok
2019-07-02,yes,mvn_lpw_l2_mrgscpot_20190702_v02_r01.cdf,2,1,3,ok
2019-07-03,yes,mvn_lpw_l2_mrgscpot_20190703_v02_r01.cdf,2,1,10,ok
2019-07-04,yes,mvn_lpw_l2_mrgscpot_20190704_v02_r01.cdf,2,1,3,ok
2019-07-05,yes,mvn_lpw_l2_mrgscpot_20190705_v02_r01.cdf,2,1,3,ok
2019-07-06,yes,mvn_lpw_l2_mrgscpot_20190706_v02_r01.cdf,2,1,3,ok
2019-07-07,yes,mvn_lpw_l2_mrgscpot_20190707_v02_r01.cdf,2,1,3,ok
2019-07-08,yes,mvn_lpw_l2_mrgscpot_20190708_v02_r01.cdf,2,1,3,ok
2019-07-09,yes,mvn_lpw_l2_mrgscpot_20190709_v02_r01.cdf,2,1,3,ok
2019-07-10,yes,mvn_lpw_l2_mrgscpot_20190710_v02_r01.cdf,2,1,3,ok
2019-07-11,yes,mvn_lpw_l2_mrgscpot_20190711_v02_r01.cdf,2,1,3,ok
2019-07-12,yes,mvn_lpw_l2_mrgscpot_20190712_v02_r01.cdf,2,1,3,ok
2019-07-13,yes,mvn_lpw_l2_mrgscpot_20190713_v02_r01.cdf,2,1,3,ok
2019-07-14,yes,mvn_lpw_l2_mrgscpot_20190714_v02_r01.cdf,2,1,3,ok
2019-07-15,yes,mvn_lpw_l2_mrgscpot_20190715_v02_r01.cdf,2,1,3,ok
2019-07-16,yes,mvn_lpw_l2_mrgscpot_20190716_v02_r01.cdf,2,1,3,ok
2019-07-17,yes,mvn_lpw_l2_mrgscpot_20190717_v02_r01.cdf,2,1,3,ok
2019-07-18,yes,mvn_lpw_l2_mrgscpot_20190718_v02_r01.cdf,2,1,3,ok
2019-07-19,yes,mvn_lpw_l2_mrgscpot_20190719_v02_r01.cdf,2,1,3,ok
2019-07-20,yes,mvn_lpw_l2_mrgscpot_20190720_v02_r01.cdf,2,1,3,ok
2019-07-21,yes,mvn_lpw_l2_mrgscpot_20190721_v02_r01.cdf,2,1,3,ok
2019-07-22,yes,mvn_lpw_l2_mrgscpot_20190722_v02_r02.cdf,2,2,3,ok
2019-07-23,yes,mvn_lpw_l2_mrgscpot_20190723_v02_r02.cdf,2,2,3,ok
2019-07-24,yes,mvn_lpw_l2_mrgscpot_20190724_v02_r02.cdf,2,2,3,ok
2019-07-25,yes,mvn_lpw_l2_mrgscpot_20190725_v02_r02.cdf,2,2,3,ok
2019-07-26,yes,mvn_lpw_l2_mrgscpot_20190726_v02_r02.cdf,2,2,3,ok
2019-07-27,yes,mvn_lpw_l2_mrgscpot_20190727_v02_r02.cdf,2,2,3,ok
2019-07-28,yes,mvn_lpw_l2_mrgscpot_20190728_v02_r02.cdf,2,2,3,ok
2019-07-29,yes,mvn_lpw_l2_mrgscpot_20190729_v02_r02.cdf,2,2,3,ok
2019-07-30,yes,mvn_lpw_l2_mrgscpot_20190730_v02_r02.cdf,2,2,3,ok
2019-07-31,yes,mvn_lpw_l2_mrgscpot_20190731_v02_r02.cdf,2,2,3,ok
2019-08-01,yes,mvn_lpw_l2_mrgscpot_20190801_v02_r01.cdf,2,1,10,ok
2019-08-02,yes,mvn_lpw_l2_mrgscpot_20190802_v02_r01.cdf,2,1,3,ok
2019-08-03,yes,mvn_lpw_l2_mrgscpot_20190803_v02_r01.cdf,2,1,3,ok
2019-08-04,yes,mvn_lpw_l2_mrgscpot_20190804_v02_r01.cdf,2,1,3,ok
2019-08-05,yes,mvn_lpw_l2_mrgscpot_20190805_v02_r01.cdf,2,1,3,ok
2019-08-06,yes,mvn_lpw_l2_mrgscpot_20190806_v02_r01.cdf,2,1,3,ok
2019-08-07,yes,mvn_lpw_l2_mrgscpot_20190807_v02_r01.cdf,2,1,3,ok
2019-08-08,yes,mvn_lpw_l2_mrgscpot_20190808_v02_r01.cdf,2,1,3,ok
2019-08-09,yes,mvn_lpw_l2_mrgscpot_20190809_v02_r01.cdf,2,1,3,ok
2019-08-10,yes,mvn_lpw_l2_mrgscpot_20190810_v02_r01.cdf,2,1,3,ok
2019-08-11,no,,,,2,no_mrgscpot
2019-08-12,no,,,,2,no_mrgscpot
2019-08-13,no,,,,2,no_mrgscpot
2019-08-14,no,,,,9,no_mrgscpot
2019-08-15,no,,,,9,no_mrgscpot
2019-08-16,no,,,,2,no_mrgscpot
2019-08-17,no,,,,9,no_mrgscpot
2019-08-18,no,,,,9,no_mrgscpot
2019-08-19,no,,,,9,no_mrgscpot
2019-08-20,no,,,,2,no_mrgscpot
2019-08-21,no,,,,2,no_mrgscpot
2019-08-22,no,,,,2,no_mrgscpot
2019-08-23,no,,,,2,no_mrgscpot
2019-08-24,no,,,,2,no_mrgscpot
2019-08-25,no,,,,2,no_mrgscpot
2019-08-26,no,,,,2,no_mrgscpot
2019-08-27,no,,,,2,no_mrgscpot
2019-08-28,no,,,,2,no_mrgscpot
2019-08-29,no,,,,2,no_mrgscpot
2019-08-30,no,,,,2,no_mrgscpot
2019-08-31,no,,,,2,no_mrgscpot
2019-09-01,no,,,,2,no_mrgscpot
2019-09-02,no,,,,2,no_mrgscpot
2019-09-03,no,,,,2,no_mrgscpot
2019-09-04,no,,,,2,no_mrgscpot
2019-09-05,no,,,,0,no_mrgscpot
2019-09-06,no,,,,0,no_mrgscpot
2019-09-07,no,,,,0,no_mrgscpot
2019-09-08,no,,,,0,no_mrgscpot
2019-09-09,no,,,,0,no_mrgscpot
2019-09-10,no,,,,0,no_mrgscpot
2019-09-11,no,,,,0,no_mrgscpot
2019-09-12,no,,,,6,no_mrgscpot
2019-09-13,no,,,,6,no_mrgscpot
2019-09-14,no,,,,2,no_mrgscpot
2019-09-15,no,,,,2,no_mrgscpot
2019-09-16,no,,,,2,no_mrgscpot
2019-09-17,no,,,,2,no_mrgscpot
2019-09-18,no,,,,9,no_mrgscpot
2019-09-19,no,,,,9,no_mrgscpot
2019-09-20,no,,,,9,no_mrgscpot
2019-09-21,no,,,,2,no_mrgscpot
2019-09-22,no,,,,2,no_mrgscpot
2019-09-23,no,,,,2,no_mrgscpot
2019-09-24,no,,,,2,no_mrgscpot
2019-09-25,no,,,,2,no_mrgscpot
2019-09-26,no,,,,2,no_mrgscpot
2019-09-27,no,,,,2,no_mrgscpot
2019-09-28,no,,,,2,no_mrgscpot
2019-09-29,no,,,,2,no_mrgscpot
2019-09-30,no,,,,2,no_mrgscpot
2019-10-01,no,,,,9,no_mrgscpot
2019-10-02,no,,,,8,no_mrgscpot
2019-10-03,no,,,,2,no_mrgscpot
2019-10-04,no,,,,2,no_mrgscpot
2019-10-05,no,,,,2,no_mrgscpot
2019-10-06,no,,,,2,no_mrgscpot
2019-10-07,no,,,,2,no_mrgscpot
2019-10-08,no,,,,2,no_mrgscpot
2019-10-09,no,,,,2,no_mrgscpot
2019-10-10,no,,,,2,no_mrgscpot
2019-10-11,no,,,,2,no_mrgscpot
2019-10-12,no,,,,2,no_mrgscpot
2019-10-13,no,,,,2,no_mrgscpot
2019-10-14,no,,,,2,no_mrgscpot
2019-10-15,no,,,,2,no_mrgscpot
2019-10-16,no,,,,2,no_mrgscpot
2019-10-17,no,,,,2,no_mrgscpot
2019-10-18,no,,,,2,no_mrgscpot
2019-10-19,no,,,,2,no_mrgscpot
2019-10-20,no,,,,2,no_mrgscpot
2019-10-21,no,,,,2,no_mrgscpot
2019-10-22,no,,,,2,no_mrgscpot
2019-10-23,no,,,,2,no_mrgscpot
2019-10-24,no,,,,2,no_mrgscpot
2019-10-25,no,,,,2,no_mrgscpot
2019-10-26,no,,,,2,no_mrgscpot
2019-10-27,no,,,,2,no_mrgscpot
2019-10-28,no,,,,2,no_mrgscpot
2019-10-29,no,,,,2,no_mrgscpot
2019-10-30,no,,,,2,no_mrgscpot
2019-10-31,no,,,,9,no_mrgscpot
2019-11-01,no,,,,8,no_mrgscpot
2019-11-02,no,,,,2,no_mrgscpot
2019-11-03,no,,,,2,no_mrgscpot
2019-11-04,no,,,,2,no_mrgscpot
2019-11-05,no,,,,2,no_mrgscpot
2019-11-06,no,,,,2,no_mrgscpot
2019-11-07,no,,,,2,no_mrgscpot
2019-11-08,no,,,,2,no_mrgscpot
2019-11-09,no,,,,2,no_mrgscpot
2019-11-10,no,,,,2,no_mrgscpot
2019-11-11,no,,,,2,no_mrgscpot
2019-11-12,no,,,,2,no_mrgscpot
2019-11-13,no,,,,2,no_mrgscpot
2019-11-14,no,,,,2,no_mrgscpot
2019-11-15,no,,,,2,no_mrgscpot
2019-11-16,no,,,,2,no_mrgscpot
2019-11-17,no,,,,2,no_mrgscpot
2019-11-18,no,,,,2,no_mrgscpot
2019-11-19,no,,,,2,no_mrgscpot
2019-11-20,no,,,,2,no_mrgscpot
2019-11-21,no,,,,2,no_mrgscpot
2019-11-22,no,,,,2,no_mrgscpot
2019-11-23,no,,,,2,no_mrgscpot
2019-11-24,no,,,,2,no_mrgscpot
2019-11-25,no,,,,2,no_mrgscpot
2019-11-26,no,,,,2,no_mrgscpot
2019-11-27,no,,,,9,no_mrgscpot
2019-11-28,no,,,,2,no_mrgscpot
2019-11-29,no,,,,2,no_mrgscpot
2019-11-30,no,,,,2,no_mrgscpot
2019-12-01,no,,,,9,no_mrgscpot
2019-12-02,no,,,,2,no_mrgscpot
2019-12-03,no,,,,2,no_mrgscpot
2019-12-04,no,,,,9,no_mrgscpot
2019-12-05,no,,,,2,no_mrgscpot
2019-12-06,no,,,,2,no_mrgscpot
2019-12-07,no,,,,2,no_mrgscpot
2019-12-08,no,,,,2,no_mrgscpot
2019-12-09,no,,,,2,no_mrgscpot
2019-12-10,no,,,,2,no_mrgscpot
2019-12-11,no,,,,2,no_mrgscpot
2019-12-12,no,,,,2,no_mrgscpot
2019-12-13,no,,,,2,no_mrgscpot
2019-12-14,no,,,,2,no_mrgscpot
2019-12-15,no,,,,2,no_mrgscpot
2019-12-16,no,,,,2,no_mrgscpot
2019-12-17,no,,,,2,no_mrgscpot
2019-12-18,no,,,,2,no_mrgscpot
2019-12-19,no,,,,2,no_mrgscpot
2019-12-20,no,,,,2,no_mrgscpot
2019-12-21,no,,,,2,no_mrgscpot
2019-12-22,no,,,,2,no_mrgscpot
2019-12-23,no,,,,2,no_mrgscpot
2019-12-24,no,,,,2,no_mrgscpot
2019-12-25,no,,,,2,no_mrgscpot
2019-12-26,no,,,,2,no_mrgscpot
2019-12-27,no,,,,2,no_mrgscpot
2019-12-28,no,,,,2,no_mrgscpot
2019-12-29,no,,,,2,no_mrgscpot
2019-12-30,no,,,,2,no_mrgscpot
2019-12-31,no,,,,2,no_mrgscpot
2020-01-01,no,,,,9,no_mrgscpot
2020-01-02,no,,,,2,no_mrgscpot
2020-01-03,no,,,,2,no_mrgscpot
2020-01-04,no,,,,2,no_mrgscpot
2020-01-05,no,,,,2,no_mrgscpot
2020-01-06,no,,,,2,no_mrgscpot
2020-01-07,no,,,,2,no_mrgscpot
2020-01-08,no,,,,2,no_mrgscpot
2020-01-09,no,,,,2,no_mrgscpot
2020-01-10,no,,,,2,no_mrgscpot
2020-01-11,no,,,,2,no_mrgscpot
2020-01-12,no,,,,2,no_mrgscpot
2020-01-13,no,,,,2,no_mrgscpot
2020-01-14,no,,,,2,no_mrgscpot
2020-01-15,no,,,,3,no_mrgscpot
2020-01-16,no,,,,2,no_mrgscpot
2020-01-17,no,,,,2,no_mrgscpot
2020-01-18,no,,,,2,no_mrgscpot
2020-01-19,no,,,,2,no_mrgscpot
2020-01-20,no,,,,2,no_mrgscpot
2020-01-21,no,,,,2,no_mrgscpot
2020-01-22,no,,,,2,no_mrgscpot
2020-01-23,no,,,,2,no_mrgscpot
2020-01-24,no,,,,2,no_mrgscpot
2020-01-25,no,,,,2,no_mrgscpot
2020-01-26,no,,,,9,no_mrgscpot
2020-01-27,no,,,,9,no_mrgscpot
2020-01-28,no,,,,2,no_mrgscpot
2020-01-29,no,,,,2,no_mrgscpot
2020-01-30,no,,,,2,no_mrgscpot
2020-01-31,no,,,,2,no_mrgscpot
2020-02-01,no,,,,2,no_mrgscpot
2020-02-02,no,,,,2,no_mrgscpot
2020-02-03,no,,,,2,no_mrgscpot
2020-02-04,no,,,,2,no_mrgscpot
2020-02-05,no,,,,2,no_mrgscpot
2020-02-06,no,,,,2,no_mrgscpot
2020-02-07,no,,,,2,no_mrgscpot
2020-02-08,no,,,,2,no_mrgscpot
2020-02-09,no,,,,2,no_mrgscpot
2020-02-10,no,,,,2,no_mrgscpot
2020-02-11,no,,,,2,no_mrgscpot
2020-02-12,no,,,,2,no_mrgscpot
2020-02-13,no,,,,2,no_mrgscpot
2020-02-14,no,,,,2,no_mrgscpot
2020-02-15,no,,,,2,no_mrgscpot
2020-02-16,no,,,,2,no_mrgscpot
2020-02-17,no,,,,2,no_mrgscpot
2020-02-18,no,,,,2,no_mrgscpot
2020-02-19,no,,,,2,no_mrgscpot
2020-02-20,no,,,,2,no_mrgscpot
2020-02-21,no,,,,2,no_mrgscpot
2020-02-22,no,,,,2,no_mrgscpot
2020-02-23,no,,,,2,no_mrgscpot
2020-02-24,no,,,,2,no_mrgscpot
2020-02-25,no,,,,2,no_mrgscpot
2020-02-26,no,,,,2,no_mrgscpot
2020-02-27,no,,,,2,no_mrgscpot
2020-02-28,no,,,,2,no_mrgscpot
2020-02-29,no,,,,2,no_mrgscpot
2020-03-01,no,,,,2,no_mrgscpot
2020-03-02,no,,,,2,no_mrgscpot
2020-03-03,no,,,,2,no_mrgscpot
2020-03-04,no,,,,2,no_mrgscpot
2020-03-05,no,,,,2,no_mrgscpot
2020-03-06,no,,,,2,no_mrgscpot
2020-03-07,no,,,,2,no_mrgscpot
2020-03-08,no,,,,2,no_mrgscpot
2020-03-09,no,,,,2,no_mrgscpot
2020-03-10,no,,,,2,no_mrgscpot
2020-03-11,no,,,,2,no_mrgscpot
2020-03-12,no,,,,2,no_mrgscpot
2020-03-13,no,,,,2,no_mrgscpot
2020-03-14,no,,,,2,no_mrgscpot
2020-03-15,no,,,,2,no_mrgscpot
2020-03-16,no,,,,2,no_mrgscpot
2020-03-17,no,,,,2,no_mrgscpot
2020-03-18,no,,,,2,no_mrgscpot
2020-03-19,no,,,,2,no_mrgscpot
2020-03-20,no,,,,2,no_mrgscpot
2020-03-21,no,,,,2,no_mrgscpot
2020-03-22,no,,,,2,no_mrgscpot
2020-03-23,no,,,,2,no_mrgscpot
2020-03-24,no,,,,2,no_mrgscpot
2020-03-25,no,,,,2,no_mrgscpot
2020-03-26,no,,,,2,no_mrgscpot
2020-03-27,no,,,,2,no_mrgscpot
2020-03-28,no,,,,2,no_mrgscpot
2020-03-29,no,,,,2,no_mrgscpot
2020-03-30,no,,,,2,no_mrgscpot
2020-03-31,no,,,,2,no_mrgscpot
2020-04-01,no,,,,9,no_mrgscpot
2020-04-02,no,,,,2,no_mrgscpot
2020-04-03,no,,,,2,no_mrgscpot
2020-04-04,no,,,,2,no_mrgscpot
2020-04-05,no,,,,2,no_mrgscpot
2020-04-06,no,,,,2,no_mrgscpot
2020-04-07,no,,,,2,no_mrgscpot
2020-04-08,no,,,,2,no_mrgscpot
2020-04-09,no,,,,2,no_mrgscpot
2020-04-10,no,,,,2,no_mrgscpot
2020-04-11,no,,,,2,no_mrgscpot
2020-04-12,no,,,,2,no_mrgscpot
2020-04-13,no,,,,2,no_mrgscpot
2020-04-14,no,,,,2,no_mrgscpot
2020-04-15,no,,,,2,no_mrgscpot
2020-04-16,no,,,,2,no_mrgscpot
2020-04-17,no,,,,2,no_mrgscpot
2020-04-18,no,,,,2,no_mrgscpot
2020-04-19,no,,,,2,no_mrgscpot
2020-04-20,no,,,,2,no_mrgscpot
2020-04-21,no,,,,2,no_mrgscpot
2020-04-22,no,,,,2,no_mrgscpot
2020-04-23,no,,,,2,no_mrgscpot
2020-04-24,no,,,,2,no_mrgscpot
2020-04-25,no,,,,2,no_mrgscpot
2020-04-26,no,,,,2,no_mrgscpot
2020-04-27,no,,,,2,no_mrgscpot
2020-04-28,no,,,,2,no_mrgscpot
2020-04-29,no,,,,2,no_mrgscpot
2020-04-30,no,,,,9,no_mrgscpot
2020-05-01,no,,,,2,no_mrgscpot
2020-05-02,no,,,,2,no_mrgscpot
2020-05-03,no,,,,2,no_mrgscpot
2020-05-04,no,,,,2,no_mrgscpot
2020-05-05,no,,,,2,no_mrgscpot
2020-05-06,no,,,,2,no_mrgscpot
2020-05-07,no,,,,3,no_mrgscpot
2020-05-08,no,,,,2,no_mrgscpot
2020-05-09,no,,,,2,no_mrgscpot
2020-05-10,no,,,,2,no_mrgscpot
2020-05-11,no,,,,2,no_mrgscpot
2020-05-12,no,,,,2,no_mrgscpot
2020-05-13,no,,,,2,no_mrgscpot
2020-05-14,no,,,,2,no_mrgscpot
2020-05-15,no,,,,2,no_mrgscpot
2020-05-16,no,,,,2,no_mrgscpot
2020-05-17,no,,,,2,no_mrgscpot
2020-05-18,no,,,,2,no_mrgscpot
2020-05-19,no,,,,9,no_mrgscpot
2020-05-20,no,,,,8,no_mrgscpot
2020-05-21,no,,,,8,no_mrgscpot
2020-05-22,no,,,,8,no_mrgscpot
2020-05-23,no,,,,8,no_mrgscpot
2020-05-24,no,,,,8,no_mrgscpot
2020-05-25,no,,,,8,no_mrgscpot
2020-05-26,no,,,,8,no_mrgscpot
2020-05-27,no,,,,8,no_mrgscpot
2020-05-28,no,,,,8,no_mrgscpot
2020-05-29,no,,,,8,no_mrgscpot
2020-05-30,no,,,,9,no_mrgscpot
2020-05-31,no,,,,9,no_mrgscpot
2020-06-01,no,,,,8,no_mrgscpot
2020-06-02,no,,,,8,no_mrgscpot
2020-06-03,no,,,,8,no_mrgscpot
2020-06-04,no,,,,8,no_mrgscpot
2020-06-05,no,,,,5,no_mrgscpot
2020-06-06,no,,,,8,no_mrgscpot
2020-06-07,no,,,,8,no_mrgscpot
2020-06-08,no,,,,3,no_mrgscpot
2020-06-09,no,,,,8,no_mrgscpot
2020-06-10,no,,,,9,no_mrgscpot
2020-06-11,no,,,,8,no_mrgscpot
2020-06-12,no,,,,8,no_mrgscpot
2020-06-13,no,,,,8,no_mrgscpot
2020-06-14,no,,,,8,no_mrgscpot
2020-06-15,no,,,,8,no_mrgscpot
2020-06-16,no,,,,8,no_mrgscpot
2020-06-17,no,,,,8,no_mrgscpot
2020-06-18,no,,,,8,no_mrgscpot
2020-06-19,no,,,,8,no_mrgscpot
2020-06-20,no,,,,8,no_mrgscpot
2020-06-21,no,,,,8,no_mrgscpot
2020-06-22,no,,,,8,no_mrgscpot
2020-06-23,no,,,,8,no_mrgscpot
2020-06-24,no,,,,8,no_mrgscpot
2020-06-25,no,,,,8,no_mrgscpot
2020-06-26,no,,,,8,no_mrgscpot
2020-06-27,no,,,,8,no_mrgscpot
2020-06-28,no,,,,8,no_mrgscpot
2020-06-29,no,,,,8,no_mrgscpot
2020-06-30,no,,,,8,no_mrgscpot
2020-07-01,no,,,,9,no_mrgscpot
2020-07-02,no,,,,8,no_mrgscpot
2020-07-03,no,,,,8,no_mrgscpot
2020-07-04,no,,,,8,no_mrgscpot
2020-07-05,no,,,,8,no_mrgscpot
2020-07-06,no,,,,8,no_mrgscpot
2020-07-07,no,,,,8,no_mrgscpot
2020-07-08,no,,,,8,no_mrgscpot
2020-07-09,no,,,,8,no_mrgscpot
2020-07-10,no,,,,8,no_mrgscpot
2020-07-11,no,,,,8,no_mrgscpot
2020-07-12,no,,,,8,no_mrgscpot
2020-07-13,no,,,,8,no_mrgscpot
2020-07-14,no,,,,8,no_mrgscpot
2020-07-15,no,,,,8,no_mrgscpot
2020-07-16,no,,,,8,no_mrgscpot
2020-07-17,no,,,,8,no_mrgscpot
2020-07-18,no,,,,8,no_mrgscpot
2020-07-19,no,,,,8,no_mrgscpot
2020-07-20,no,,,,8,no_mrgscpot
2020-07-21,no,,,,8,no_mrgscpot
2020-07-22,no,,,,8,no_mrgscpot
2020-07-23,no,,,,8,no_mrgscpot
2020-07-24,no,,,,8,no_mrgscpot
2020-07-25,no,,,,8,no_mrgscpot
2020-07-26,no,,,,8,no_mrgscpot
2020-07-27,no,,,,8,no_mrgscpot
2020-07-28,no,,,,8,no_mrgscpot
2020-07-29,no,,,,8,no_mrgscpot
2020-07-30,no,,,,8,no_mrgscpot
2020-07-31,no,,,,8,no_mrgscpot
2020-08-01,no,,,,9,no_mrgscpot
2020-08-02,no,,,,8,no_mrgscpot
2020-08-03,no,,,,8,no_mrgscpot
2020-08-04,no,,,,8,no_mrgscpot
2020-08-05,no,,,,8,no_mrgscpot
2020-08-06,no,,,,8,no_mrgscpot
2020-08-07,no,,,,8,no_mrgscpot
2020-08-08,no,,,,8,no_mrgscpot
2020-08-09,no,,,,8,no_mrgscpot
2020-08-10,no,,,,8,no_mrgscpot
2020-08-11,no,,,,8,no_mrgscpot
2020-08-12,no,,,,8,no_mrgscpot
2020-08-13,no,,,,8,no_mrgscpot
2020-08-14,no,,,,8,no_mrgscpot
2020-08-15,no,,,,8,no_mrgscpot
2020-08-16,no,,,,8,no_mrgscpot
2020-08-17,no,,,,8,no_mrgscpot
2020-08-18,no,,,,8,no_mrgscpot
2020-08-19,no,,,,9,no_mrgscpot
2020-08-20,no,,,,8,no_mrgscpot
2020-08-21,no,,,,8,no_mrgscpot
2020-08-22,no,,,,8,no_mrgscpot
2020-08-23,no,,,,8,no_mrgscpot
2020-08-24,no,,,,8,no_mrgscpot
2020-08-25,no,,,,8,no_mrgscpot
2020-08-26,no,,,,8,no_mrgscpot
2020-08-27,no,,,,8,no_mrgscpot
2020-08-28,no,,,,8,no_mrgscpot
2020-08-29,no,,,,8,no_mrgscpot
2020-08-30,no,,,,8,no_mrgscpot
2020-08-31,no,,,,8,no_mrgscpot
2020-09-01,no,,,,8,no_mrgscpot
2020-09-02,no,,,,9,no_mrgscpot
2020-09-03,no,,,,8,no_mrgscpot
2020-09-04,no,,,,8,no_mrgscpot
2020-09-05,no,,,,8,no_mrgscpot
2020-09-06,no,,,,8,no_mrgscpot
2020-09-07,no,,,,8,no_mrgscpot
2020-09-08,no,,,,8,no_mrgscpot
2020-09-09,no,,,,8,no_mrgscpot
2020-09-10,no,,,,8,no_mrgscpot
2020-09-11,no,,,,8,no_mrgscpot
2020-09-12,no,,,,8,no_mrgscpot
2020-09-13,no,,,,8,no_mrgscpot
2020-09-14,no,,,,8,no_mrgscpot
2020-09-15,no,,,,8,no_mrgscpot
2020-09-16,no,,,,8,no_mrgscpot
2020-09-17,no,,,,8,no_mrgscpot
2020-09-18,no,,,,8,no_mrgscpot
2020-09-19,no,,,,8,no_mrgscpot
2020-09-20,no,,,,8,no_mrgscpot
2020-09-21,no,,,,8,no_mrgscpot
2020-09-22,no,,,,8,no_mrgscpot
2020-09-23,no,,,,8,no_mrgscpot
2020-09-24,no,,,,8,no_mrgscpot
2020-09-25,no,,,,8,no_mrgscpot
2020-09-26,no,,,,8,no_mrgscpot
2020-09-27,no,,,,8,no_mrgscpot
2020-09-28,no,,,,8,no_mrgscpot
2020-09-29,no,,,,8,no_mrgscpot
2020-09-30,no,,,,8,no_mrgscpot
2020-10-01,yes,mvn_lpw_l2_mrgscpot_20201001_v02_r01.cdf,2,1,10,ok
2020-10-02,no,,,,8,no_mrgscpot
2020-10-03,no,,,,8,no_mrgscpot
2020-10-04,no,,,,8,no_mrgscpot
2020-10-05,no,,,,8,no_mrgscpot
2020-10-06,no,,,,8,no_mrgscpot
2020-10-07,no,,,,8,no_mrgscpot
2020-10-08,no,,,,8,no_mrgscpot
2020-10-09,no,,,,8,no_mrgscpot
2020-10-10,no,,,,8,no_mrgscpot
2020-10-11,no,,,,8,no_mrgscpot
2020-10-12,no,,,,8,no_mrgscpot
2020-10-13,no,,,,8,no_mrgscpot
2020-10-14,no,,,,8,no_mrgscpot
2020-10-15,no,,,,8,no_mrgscpot
2020-10-16,no,,,,8,no_mrgscpot
2020-10-17,no,,,,8,no_mrgscpot
2020-10-18,no,,,,8,no_mrgscpot
2020-10-19,no,,,,8,no_mrgscpot
2020-10-20,no,,,,8,no_mrgscpot
2020-10-21,no,,,,8,no_mrgscpot
2020-10-22,no,,,,8,no_mrgscpot
2020-10-23,no,,,,8,no_mrgscpot
2020-10-24,no,,,,8,no_mrgscpot
2020-10-25,no,,,,8,no_mrgscpot
2020-10-26,no,,,,8,no_mrgscpot
2020-10-27,no,,,,8,no_mrgscpot
2020-10-28,no,,,,8,no_mrgscpot
2020-10-29,no,,,,8,no_mrgscpot
2020-10-30,no,,,,8,no_mrgscpot
2020-10-31,no,,,,8,no_mrgscpot
2020-11-01,yes,mvn_lpw_l2_mrgscpot_20201101_v02_r02.cdf,2,2,10,ok
2020-11-02,no,,,,8,no_mrgscpot
2020-11-03,no,,,,8,no_mrgscpot
2020-11-04,no,,,,8,no_mrgscpot
2020-11-05,no,,,,8,no_mrgscpot
2020-11-06,no,,,,8,no_mrgscpot
2020-11-07,no,,,,8,no_mrgscpot
2020-11-08,no,,,,8,no_mrgscpot
2020-11-09,no,,,,8,no_mrgscpot
2020-11-10,no,,,,8,no_mrgscpot
2020-11-11,no,,,,8,no_mrgscpot
2020-11-12,no,,,,8,no_mrgscpot
2020-11-13,no,,,,8,no_mrgscpot
2020-11-14,no,,,,8,no_mrgscpot
2020-11-15,no,,,,8,no_mrgscpot
2020-11-16,no,,,,8,no_mrgscpot
2020-11-17,no,,,,8,no_mrgscpot
2020-11-18,no,,,,8,no_mrgscpot
2020-11-19,no,,,,8,no_mrgscpot
2020-11-20,no,,,,8,no_mrgscpot
2020-11-21,no,,,,8,no_mrgscpot
2020-11-22,no,,,,8,no_mrgscpot
2020-11-23,no,,,,8,no_mrgscpot
2020-11-24,no,,,,8,no_mrgscpot
2020-11-25,no,,,,8,no_mrgscpot
2020-11-26,no,,,,8,no_mrgscpot
2020-11-27,no,,,,8,no_mrgscpot
2020-11-28,no,,,,8,no_mrgscpot
2020-11-29,no,,,,8,no_mrgscpot
2020-11-30,no,,,,8,no_mrgscpot
2020-12-01,no,,,,9,no_mrgscpot
2020-12-02,no,,,,8,no_mrgscpot
2020-12-03,no,,,,8,no_mrgscpot
2020-12-04,no,,,,8,no_mrgscpot
2020-12-05,no,,,,9,no_mrgscpot
2020-12-06,no,,,,9,no_mrgscpot
2020-12-07,no,,,,8,no_mrgscpot
2020-12-08,no,,,,8,no_mrgscpot
2020-12-09,no,,,,8,no_mrgscpot
2020-12-10,no,,,,8,no_mrgscpot
2020-12-11,no,,,,8,no_mrgscpot
2020-12-12,no,,,,9,no_mrgscpot
2020-12-13,no,,,,9,no_mrgscpot
2020-12-14,no,,,,8,no_mrgscpot
2020-12-15,no,,,,8,no_mrgscpot
2020-12-16,no,,,,8,no_mrgscpot
2020-12-17,no,,,,8,no_mrgscpot
2020-12-18,no,,,,8,no_mrgscpot
2020-12-19,no,,,,9,no_mrgscpot
2020-12-20,no,,,,9,no_mrgscpot
2020-12-21,no,,,,9,no_mrgscpot
2020-12-22,no,,,,8,no_mrgscpot
2020-12-23,no,,,,8,no_mrgscpot
2020-12-24,no,,,,8,no_mrgscpot
2020-12-25,no,,,,8,no_mrgscpot
2020-12-26,no,,,,8,no_mrgscpot
2020-12-27,no,,,,8,no_mrgscpot
2020-12-28,no,,,,8,no_mrgscpot
2020-12-29,no,,,,8,no_mrgscpot
2020-12-30,no,,,,8,no_mrgscpot
2020-12-31,no,,,,8,no_mrgscpot
2021-01-01,no,,,,9,no_mrgscpot
2021-01-02,no,,,,8,no_mrgscpot
2021-01-03,no,,,,8,no_mrgscpot
2021-01-04,no,,,,8,no_mrgscpot
2021-01-05,no,,,,8,no_mrgscpot
2021-01-06,no,,,,8,no_mrgscpot
2021-01-07,no,,,,8,no_mrgscpot
2021-01-08,no,,,,5,no_mrgscpot
2021-01-09,no,,,,8,no_mrgscpot
2021-01-10,no,,,,8,no_mrgscpot
2021-01-11,no,,,,8,no_mrgscpot
2021-01-12,no,,,,3,no_mrgscpot
2021-01-13,no,,,,5,no_mrgscpot
2021-01-14,no,,,,8,no_mrgscpot
2021-01-15,no,,,,8,no_mrgscpot
2021-01-16,no,,,,8,no_mrgscpot
2021-01-17,no,,,,8,no_mrgscpot
2021-01-18,no,,,,8,no_mrgscpot
2021-01-19,no,,,,8,no_mrgscpot
2021-01-20,no,,,,8,no_mrgscpot
2021-01-21,no,,,,8,no_mrgscpot
2021-01-22,no,,,,8,no_mrgscpot
2021-01-23,no,,,,8,no_mrgscpot
2021-01-24,no,,,,8,no_mrgscpot
2021-01-25,no,,,,8,no_mrgscpot
2021-01-26,no,,,,8,no_mrgscpot
2021-01-27,no,,,,8,no_mrgscpot
2021-01-28,no,,,,8,no_mrgscpot
2021-01-29,no,,,,8,no_mrgscpot
2021-01-30,no,,,,8,no_mrgscpot
2021-01-31,no,,,,8,no_mrgscpot
2021-02-01,no,,,,9,no_mrgscpot
2021-02-02,no,,,,8,no_mrgscpot
2021-02-03,no,,,,8,no_mrgscpot
2021-02-04,no,,,,8,no_mrgscpot
2021-02-05,no,,,,8,no_mrgscpot
2021-02-06,no,,,,8,no_mrgscpot
2021-02-07,no,,,,8,no_mrgscpot
2021-02-08,no,,,,8,no_mrgscpot
2021-02-09,no,,,,8,no_mrgscpot
2021-02-10,no,,,,8,no_mrgscpot
2021-02-11,no,,,,8,no_mrgscpot
2021-02-12,no,,,,8,no_mrgscpot
2021-02-13,no,,,,8,no_mrgscpot
2021-02-14,no,,,,8,no_mrgscpot
2021-02-15,no,,,,8,no_mrgscpot
2021-02-16,no,,,,8,no_mrgscpot
2021-02-17,no,,,,8,no_mrgscpot
2021-02-18,no,,,,8,no_mrgscpot
2021-02-19,no,,,,8,no_mrgscpot
2021-02-20,no,,,,8,no_mrgscpot
2021-02-21,no,,,,8,no_mrgscpot
2021-02-22,no,,,,8,no_mrgscpot
2021-02-23,no,,,,5,no_mrgscpot
2021-02-24,no,,,,8,no_mrgscpot
2021-02-25,no,,,,8,no_mrgscpot
2021-02-26,no,,,,8,no_mrgscpot
2021-02-27,no,,,,8,no_mrgscpot
2021-02-28,no,,,,8,no_mrgscpot
2021-03-01,no,,,,8,no_mrgscpot
2021-03-02,no,,,,9,no_mrgscpot
2021-03-03,no,,,,8,no_mrgscpot
2021-03-04,no,,,,8,no_mrgscpot
2021-03-05,no,,,,8,no_mrgscpot
2021-03-06,no,,,,8,no_mrgscpot
2021-03-07,no,,,,8,no_mrgscpot
2021-03-08,no,,,,8,no_mrgscpot
2021-03-09,no,,,,8,no_mrgscpot
2021-03-10,no,,,,8,no_mrgscpot
2021-03-11,no,,,,8,no_mrgscpot
2021-03-12,no,,,,8,no_mrgscpot
2021-03-13,no,,,,8,no_mrgscpot
2021-03-14,no,,,,8,no_mrgscpot
2021-03-15,no,,,,8,no_mrgscpot
2021-03-16,no,,,,8,no_mrgscpot
2021-03-17,no,,,,9,no_mrgscpot
2021-03-18,no,,,,8,no_mrgscpot
2021-03-19,no,,,,8,no_mrgscpot
2021-03-20,no,,,,8,no_mrgscpot
2021-03-21,no,,,,8,no_mrgscpot
2021-03-22,no,,,,8,no_mrgscpot
2021-03-23,no,,,,8,no_mrgscpot
2021-03-24,no,,,,8,no_mrgscpot
2021-03-25,no,,,,8,no_mrgscpot
2021-03-26,no,,,,8,no_mrgscpot
2021-03-27,no,,,,8,no_mrgscpot
2021-03-28,no,,,,8,no_mrgscpot
2021-03-29,no,,,,8,no_mrgscpot
2021-03-30,no,,,,8,no_mrgscpot
2021-03-31,no,,,,8,no_mrgscpot
2021-04-01,no,,,,9,no_mrgscpot
2021-04-02,no,,,,9,no_mrgscpot
2021-04-03,no,,,,8,no_mrgscpot
2021-04-04,no,,,,8,no_mrgscpot
2021-04-05,no,,,,8,no_mrgscpot
2021-04-06,no,,,,8,no_mrgscpot
2021-04-07,no,,,,8,no_mrgscpot
2021-04-08,no,,,,8,no_mrgscpot
2021-04-09,no,,,,8,no_mrgscpot
2021-04-10,no,,,,8,no_mrgscpot
2021-04-11,no,,,,8,no_mrgscpot
2021-04-12,no,,,,8,no_mrgscpot
2021-04-13,no,,,,8,no_mrgscpot
2021-04-14,no,,,,8,no_mrgscpot
2021-04-15,no,,,,8,no_mrgscpot
2021-04-16,no,,,,8,no_mrgscpot
2021-04-17,no,,,,8,no_mrgscpot
2021-04-18,no,,,,9,no_mrgscpot
2021-04-19,no,,,,9,no_mrgscpot
2021-04-20,no,,,,9,no_mrgscpot
2021-04-21,no,,,,8,no_mrgscpot
2021-04-22,no,,,,8,no_mrgscpot
2021-04-23,no,,,,8,no_mrgscpot
2021-04-24,no,,,,8,no_mrgscpot
2021-04-25,no,,,,8,no_mrgscpot
2021-04-26,no,,,,8,no_mrgscpot
2021-04-27,no,,,,8,no_mrgscpot
2021-04-28,no,,,,2,no_mrgscpot
2021-04-29,no,,,,2,no_mrgscpot
2021-04-30,no,,,,9,no_mrgscpot
2021-05-01,no,,,,2,no_mrgscpot
2021-05-02,no,,,,2,no_mrgscpot
2021-05-03,no,,,,2,no_mrgscpot
2021-05-04,no,,,,2,no_mrgscpot
2021-05-05,no,,,,2,no_mrgscpot
2021-05-06,no,,,,2,no_mrgscpot
2021-05-07,no,,,,2,no_mrgscpot
2021-05-08,no,,,,2,no_mrgscpot
2021-05-09,no,,,,2,no_mrgscpot
2021-05-10,no,,,,2,no_mrgscpot
2021-05-11,no,,,,2,no_mrgscpot
2021-05-12,no,,,,2,no_mrgscpot
2021-05-13,no,,,,2,no_mrgscpot
2021-05-14,no,,,,2,no_mrgscpot
2021-05-15,no,,,,2,no_mrgscpot
2021-05-16,no,,,,2,no_mrgscpot
2021-05-17,no,,,,2,no_mrgscpot
2021-05-18,no,,,,2,no_mrgscpot
2021-05-19,no,,,,2,no_mrgscpot
2021-05-20,no,,,,2,no_mrgscpot
2021-05-21,no,,,,2,no_mrgscpot
2021-05-22,no,,,,2,no_mrgscpot
2021-05-23,no,,,,2,no_mrgscpot
2021-05-24,no,,,,2,no_mrgscpot
2021-05-25,no,,,,2,no_mrgscpot
2021-05-26,no,,,,2,no_mrgscpot
2021-05-27,no,,,,2,no_mrgscpot
2021-05-28,no,,,,2,no_mrgscpot
2021-05-29,no,,,,2,no_mrgscpot
2021-05-30,no,,,,2,no_mrgscpot
2021-05-31,no,,,,2,no_mrgscpot
2021-06-01,no,,,,9,no_mrgscpot
2021-06-02,no,,,,2,no_mrgscpot
2021-06-03,no,,,,2,no_mrgscpot
2021-06-04,no,,,,2,no_mrgscpot
2021-06-05,no,,,,2,no_mrgscpot
2021-06-06,no,,,,2,no_mrgscpot
2021-06-07,no,,,,2,no_mrgscpot
2021-06-08,no,,,,2,no_mrgscpot
2021-06-09,no,,,,2,no_mrgscpot
2021-06-10,no,,,,2,no_mrgscpot
2021-06-11,no,,,,2,no_mrgscpot
2021-06-12,no,,,,2,no_mrgscpot
2021-06-13,no,,,,2,no_mrgscpot
2021-06-14,no,,,,2,no_mrgscpot
2021-06-15,no,,,,2,no_mrgscpot
2021-06-16,no,,,,2,no_mrgscpot
2021-06-17,no,,,,2,no_mrgscpot
2021-06-18,no,,,,2,no_mrgscpot
2021-06-19,no,,,,2,no_mrgscpot
2021-06-20,no,,,,2,no_mrgscpot
2021-06-21,no,,,,2,no_mrgscpot
2021-06-22,no,,,,2,no_mrgscpot
2021-06-23,no,,,,2,no_mrgscpot
2021-06-24,no,,,,2,no_mrgscpot
2021-06-25,no,,,,2,no_mrgscpot
2021-06-26,no,,,,2,no_mrgscpot
2021-06-27,no,,,,2,no_mrgscpot
2021-06-28,no,,,,2,no_mrgscpot
2021-06-29,no,,,,2,no_mrgscpot
2021-06-30,no,,,,2,no_mrgscpot
2021-07-01,no,,,,2,no_mrgscpot
2021-07-02,no,,,,9,no_mrgscpot
2021-07-03,no,,,,2,no_mrgscpot
2021-07-04,no,,,,2,no_mrgscpot
2021-07-05,no,,,,2,no_mrgscpot
2021-07-06,no,,,,2,no_mrgscpot
2021-07-07,no,,,,2,no_mrgscpot
2021-07-08,no,,,,2,no_mrgscpot
2021-07-09,no,,,,2,no_mrgscpot
2021-07-10,no,,,,2,no_mrgscpot
2021-07-11,no,,,,2,no_mrgscpot
2021-07-12,no,,,,2,no_mrgscpot
2021-07-13,no,,,,2,no_mrgscpot
2021-07-14,no,,,,2,no_mrgscpot
2021-07-15,no,,,,2,no_mrgscpot
2021-07-16,no,,,,2,no_mrgscpot
2021-07-17,no,,,,2,no_mrgscpot
2021-07-18,no,,,,2,no_mrgscpot
2021-07-19,no,,,,2,no_mrgscpot
2021-07-20,no,,,,2,no_mrgscpot
2021-07-21,no,,,,2,no_mrgscpot
2021-07-22,no,,,,2,no_mrgscpot
2021-07-23,no,,,,2,no_mrgscpot
2021-07-24,no,,,,2,no_mrgscpot
2021-07-25,no,,,,2,no_mrgscpot
2021-07-26,no,,,,2,no_mrgscpot
2021-07-27,no,,,,2,no_mrgscpot
2021-07-28,no,,,,2,no_mrgscpot
2021-07-29,no,,,,2,no_mrgscpot
2021-07-30,no,,,,2,no_mrgscpot
2021-07-31,no,,,,2,no_mrgscpot
2021-08-01,no,,,,9,no_mrgscpot
2021-08-02,no,,,,2,no_mrgscpot
2021-08-03,no,,,,2,no_mrgscpot
2021-08-04,no,,,,2,no_mrgscpot
2021-08-05,no,,,,2,no_mrgscpot
2021-08-06,no,,,,2,no_mrgscpot
2021-08-07,no,,,,2,no_mrgscpot
2021-08-08,no,,,,2,no_mrgscpot
2021-08-09,no,,,,2,no_mrgscpot
2021-08-10,no,,,,2,no_mrgscpot
2021-08-11,no,,,,2,no_mrgscpot
2021-08-12,no,,,,2,no_mrgscpot
2021-08-13,no,,,,2,no_mrgscpot
2021-08-14,no,,,,2,no_mrgscpot
2021-08-15,no,,,,2,no_mrgscpot
2021-08-16,no,,,,2,no_mrgscpot
2021-08-17,no,,,,2,no_mrgscpot
2021-08-18,no,,,,2,no_mrgscpot
2021-08-19,no,,,,2,no_mrgscpot
2021-08-20,no,,,,2,no_mrgscpot
2021-08-21,no,,,,2,no_mrgscpot
2021-08-22,no,,,,2,no_mrgscpot
2021-08-23,no,,,,2,no_mrgscpot
2021-08-24,no,,,,2,no_mrgscpot
2021-08-25,no,,,,2,no_mrgscpot
2021-08-26,no,,,,2,no_mrgscpot
2021-08-27,no,,,,2,no_mrgscpot
2021-08-28,no,,,,2,no_mrgscpot
2021-08-29,no,,,,2,no_mrgscpot
2021-08-30,no,,,,2,no_mrgscpot
2021-08-31,no,,,,2,no_mrgscpot
2021-09-01,no,,,,9,no_mrgscpot
2021-09-02,no,,,,2,no_mrgscpot
2021-09-03,no,,,,2,no_mrgscpot
2021-09-04,no,,,,2,no_mrgscpot
2021-09-05,no,,,,2,no_mrgscpot
2021-09-06,no,,,,2,no_mrgscpot
2021-09-07,no,,,,2,no_mrgscpot
2021-09-08,no,,,,2,no_mrgscpot
2021-09-09,no,,,,2,no_mrgscpot
2021-09-10,no,,,,2,no_mrgscpot
2021-09-11,no,,,,2,no_mrgscpot
2021-09-12,no,,,,2,no_mrgscpot
2021-09-13,no,,,,2,no_mrgscpot
2021-09-14,no,,,,2,no_mrgscpot
2021-09-15,no,,,,2,no_mrgscpot
2021-09-16,no,,,,2,no_mrgscpot
2021-09-17,no,,,,2,no_mrgscpot
2021-09-18,no,,,,2,no_mrgscpot
2021-09-19,no,,,,2,no_mrgscpot
2021-09-20,no,,,,2,no_mrgscpot
2021-09-21,no,,,,2,no_mrgscpot
2021-09-22,no,,,,2,no_mrgscpot
2021-09-23,no,,,,2,no_mrgscpot
2021-09-24,no,,,,2,no_mrgscpot
2021-09-25,no,,,,2,no_mrgscpot
2021-09-26,no,,,,9,no_mrgscpot
2021-09-27,no,,,,2,no_mrgscpot
2021-09-28,no,,,,2,no_mrgscpot
2021-09-29,no,,,,2,no_mrgscpot
2021-09-30,no,,,,2,no_mrgscpot
2021-10-01,no,,,,2,no_mrgscpot
2021-10-02,no,,,,2,no_mrgscpot
2021-10-03,no,,,,2,no_mrgscpot
2021-10-04,no,,,,2,no_mrgscpot
2021-10-05,no,,,,2,no_mrgscpot
2021-10-06,no,,,,2,no_mrgscpot
2021-10-07,no,,,,2,no_mrgscpot
2021-10-08,no,,,,2,no_mrgscpot
2021-10-09,no,,,,2,no_mrgscpot
2021-10-10,no,,,,2,no_mrgscpot
2021-10-11,no,,,,2,no_mrgscpot
2021-10-12,no,,,,2,no_mrgscpot
2021-10-13,no,,,,2,no_mrgscpot
2021-10-14,no,,,,2,no_mrgscpot
2021-10-15,no,,,,2,no_mrgscpot
2021-10-16,no,,,,2,no_mrgscpot
2021-10-17,no,,,,2,no_mrgscpot
2021-10-18,no,,,,2,no_mrgscpot
2021-10-19,no,,,,2,no_mrgscpot
2021-10-20,no,,,,2,no_mrgscpot
2021-10-21,no,,,,2,no_mrgscpot
2021-10-22,no,,,,2,no_mrgscpot
2021-10-23,no,,,,2,no_mrgscpot
2021-10-24,no,,,,2,no_mrgscpot
2021-10-25,no,,,,2,no_mrgscpot
2021-10-26,no,,,,2,no_mrgscpot
2021-10-27,no,,,,2,no_mrgscpot
2021-10-28,no,,,,2,no_mrgscpot
2021-10-29,no,,,,2,no_mrgscpot
2021-10-30,no,,,,2,no_mrgscpot
2021-10-31,no,,,,2,no_mrgscpot
2021-11-01,no,,,,9,no_mrgscpot
2021-11-02,no,,,,2,no_mrgscpot
2021-11-03,no,,,,2,no_mrgscpot
2021-11-04,no,,,,2,no_mrgscpot
2021-11-05,no,,,,2,no_mrgscpot
2021-11-06,no,,,,2,no_mrgscpot
2021-11-07,no,,,,2,no_mrgscpot
2021-11-08,no,,,,2,no_mrgscpot
2021-11-09,no,,,,2,no_mrgscpot
2021-11-10,no,,,,2,no_mrgscpot
2021-11-11,no,,,,2,no_mrgscpot
2021-11-12,no,,,,2,no_mrgscpot
2021-11-13,no,,,,2,no_mrgscpot
2021-11-14,no,,,,2,no_mrgscpot
2021-11-15,no,,,,2,no_mrgscpot
2021-11-16,no,,,,2,no_mrgscpot
2021-11-17,no,,,,2,no_mrgscpot
2021-11-18,no,,,,2,no_mrgscpot
2021-11-19,no,,,,2,no_mrgscpot
2021-11-20,no,,,,2,no_mrgscpot
2021-11-21,no,,,,2,no_mrgscpot
2021-11-22,no,,,,2,no_mrgscpot
2021-11-23,no,,,,2,no_mrgscpot
2021-11-24,no,,,,2,no_mrgscpot
2021-11-25,no,,,,2,no_mrgscpot
2021-11-26,no,,,,2,no_mrgscpot
2021-11-27,no,,,,2,no_mrgscpot
2021-11-28,no,,,,3,no_mrgscpot
2021-11-29,no,,,,2,no_mrgscpot
2021-11-30,no,,,,9,no_mrgscpot
2021-12-01,no,,,,8,no_mrgscpot
2021-12-02,no,,,,2,no_mrgscpot
2021-12-03,no,,,,2,no_mrgscpot
2021-12-04,no,,,,2,no_mrgscpot
2021-12-05,no,,,,2,no_mrgscpot
2021-12-06,no,,,,2,no_mrgscpot
2021-12-07,no,,,,2,no_mrgscpot
2021-12-08,no,,,,2,no_mrgscpot
2021-12-09,no,,,,2,no_mrgscpot
2021-12-10,no,,,,2,no_mrgscpot
2021-12-11,no,,,,2,no_mrgscpot
2021-12-12,no,,,,2,no_mrgscpot
2021-12-13,no,,,,2,no_mrgscpot
2021-12-14,no,,,,2,no_mrgscpot
2021-12-15,no,,,,2,no_mrgscpot
2021-12-16,no,,,,2,no_mrgscpot
2021-12-17,no,,,,2,no_mrgscpot
2021-12-18,no,,,,2,no_mrgscpot
2021-12-19,no,,,,2,no_mrgscpot
2021-12-20,no,,,,2,no_mrgscpot
2021-12-21,no,,,,2,no_mrgscpot
2021-12-22,no,,,,2,no_mrgscpot
2021-12-23,no,,,,2,no_mrgscpot
2021-12-24,no,,,,2,no_mrgscpot
2021-12-25,no,,,,2,no_mrgscpot
2021-12-26,no,,,,2,no_mrgscpot
2021-12-27,no,,,,3,no_mrgscpot
2021-12-28,no,,,,2,no_mrgscpot
2021-12-29,no,,,,2,no_mrgscpot
2021-12-30,no,,,,2,no_mrgscpot
2021-12-31,no,,,,2,no_mrgscpot
2022-01-01,no,,,,9,no_mrgscpot
2022-01-02,no,,,,2,no_mrgscpot
2022-01-03,no,,,,2,no_mrgscpot
2022-01-04,no,,,,2,no_mrgscpot
2022-01-05,no,,,,2,no_mrgscpot
2022-01-06,no,,,,2,no_mrgscpot
2022-01-07,no,,,,2,no_mrgscpot
2022-01-08,no,,,,2,no_mrgscpot
2022-01-09,no,,,,2,no_mrgscpot
2022-01-10,no,,,,2,no_mrgscpot
2022-01-11,no,,,,2,no_mrgscpot
2022-01-12,no,,,,2,no_mrgscpot
2022-01-13,no,,,,2,no_mrgscpot
2022-01-14,no,,,,2,no_mrgscpot
2022-01-15,no,,,,2,no_mrgscpot
2022-01-16,no,,,,2,no_mrgscpot
2022-01-17,no,,,,2,no_mrgscpot
2022-01-18,no,,,,2,no_mrgscpot
2022-01-19,no,,,,2,no_mrgscpot
2022-01-20,no,,,,2,no_mrgscpot
2022-01-21,no,,,,9,no_mrgscpot
2022-01-22,no,,,,9,no_mrgscpot
2022-01-23,no,,,,9,no_mrgscpot
2022-01-24,no,,,,9,no_mrgscpot
2022-01-25,no,,,,9,no_mrgscpot
2022-01-26,no,,,,9,no_mrgscpot
2022-01-27,no,,,,2,no_mrgscpot
2022-01-28,no,,,,2,no_mrgscpot
2022-01-29,no,,,,2,no_mrgscpot
2022-01-30,no,,,,2,no_mrgscpot
2022-01-31,no,,,,2,no_mrgscpot
2022-02-01,no,,,,9,no_mrgscpot
2022-02-02,no,,,,8,no_mrgscpot
2022-02-03,no,,,,2,no_mrgscpot
2022-02-04,no,,,,2,no_mrgscpot
2022-02-05,no,,,,2,no_mrgscpot
2022-02-06,no,,,,2,no_mrgscpot
2022-02-07,no,,,,2,no_mrgscpot
2022-02-08,no,,,,2,no_mrgscpot
2022-02-09,no,,,,2,no_mrgscpot
2022-02-10,no,,,,2,no_mrgscpot
2022-02-11,no,,,,2,no_mrgscpot
2022-02-12,no,,,,2,no_mrgscpot
2022-02-13,no,,,,2,no_mrgscpot
2022-02-14,no,,,,2,no_mrgscpot
2022-02-15,no,,,,2,no_mrgscpot
2022-02-16,no,,,,2,no_mrgscpot
2022-02-17,no,,,,2,no_mrgscpot
2022-02-18,no,,,,2,no_mrgscpot
2022-02-19,no,,,,2,no_mrgscpot
2022-02-20,no,,,,2,no_mrgscpot
2022-02-21,no,,,,2,no_mrgscpot
2022-02-22,no,,,,2,no_mrgscpot
2022-02-23,no,,,,0,no_mrgscpot
2022-02-24,no,,,,0,no_mrgscpot
2022-02-25,no,,,,0,no_mrgscpot
2022-02-26,no,,,,0,no_mrgscpot
2022-02-27,no,,,,0,no_mrgscpot
2022-02-28,no,,,,0,no_mrgscpot
2022-03-01,no,,,,0,no_mrgscpot
2022-03-02,no,,,,0,no_mrgscpot
2022-03-03,no,,,,0,no_mrgscpot
2022-03-04,no,,,,0,no_mrgscpot
2022-03-05,no,,,,0,no_mrgscpot
2022-03-06,no,,,,0,no_mrgscpot
2022-03-07,no,,,,0,no_mrgscpot
2022-03-08,no,,,,0,no_mrgscpot
2022-03-09,no,,,,0,no_mrgscpot
2022-03-10,no,,,,0,no_mrgscpot
2022-03-11,no,,,,0,no_mrgscpot
2022-03-12,no,,,,0,no_mrgscpot
2022-03-13,no,,,,0,no_mrgscpot
2022-03-14,no,,,,0,no_mrgscpot
2022-03-15,no,,,,0,no_mrgscpot
2022-03-16,no,,,,0,no_mrgscpot
2022-03-17,no,,,,0,no_mrgscpot
2022-03-18,no,,,,0,no_mrgscpot
2022-03-19,no,,,,0,no_mrgscpot
2022-03-20,no,,,,0,no_mrgscpot
2022-03-21,no,,,,0,no_mrgscpot
2022-03-22,no,,,,0,no_mrgscpot
2022-03-23,no,,,,0,no_mrgscpot
2022-03-24,no,,,,0,no_mrgscpot
2022-03-25,no,,,,0,no_mrgscpot
2022-03-26,no,,,,0,no_mrgscpot
2022-03-27,no,,,,0,no_mrgscpot
2022-03-28,no,,,,0,no_mrgscpot
2022-03-29,no,,,,0,no_mrgscpot
2022-03-30,no,,,,0,no_mrgscpot
2022-03-31,no,,,,0,no_mrgscpot
2022-04-01,no,,,,0,no_mrgscpot
2022-04-02,no,,,,0,no_mrgscpot
2022-04-03,no,,,,0,no_mrgscpot
2022-04-04,no,,,,0,no_mrgscpot
2022-04-05,no,,,,0,no_mrgscpot
2022-04-06,no,,,,0,no_mrgscpot
2022-04-07,no,,,,0,no_mrgscpot
2022-04-08,no,,,,0,no_mrgscpot
2022-04-09,no,,,,0,no_mrgscpot
2022-04-10,no,,,,0,no_mrgscpot
2022-04-11,no,,,,0,no_mrgscpot
2022-04-12,no,,,,0,no_mrgscpot
2022-04-13,no,,,,0,no_mrgscpot
2022-04-14,no,,,,0,no_mrgscpot
2022-04-15,no,,,,0,no_mrgscpot
2022-04-16,no,,,,0,no_mrgscpot
2022-04-17,no,,,,0,no_mrgscpot
2022-04-18,no,,,,0,no_mrgscpot
2022-04-19,no,,,,0,no_mrgscpot
2022-04-20,no,,,,0,no_mrgscpot
2022-04-21,no,,,,0,no_mrgscpot
2022-04-22,no,,,,9,no_mrgscpot
2022-04-23,no,,,,2,no_mrgscpot
2022-04-24,no,,,,2,no_mrgscpot
2022-04-25,no,,,,2,no_mrgscpot
2022-04-26,no,,,,2,no_mrgscpot
2022-04-27,no,,,,2,no_mrgscpot
2022-04-28,no,,,,2,no_mrgscpot
2022-04-29,no,,,,2,no_mrgscpot
2022-04-30,no,,,,2,no_mrgscpot
2022-05-01,no,,,,2,no_mrgscpot
2022-05-02,no,,,,2,no_mrgscpot
2022-05-03,no,,,,2,no_mrgscpot
2022-05-04,no,,,,2,no_mrgscpot
2022-05-05,no,,,,2,no_mrgscpot
2022-05-06,no,,,,2,no_mrgscpot
2022-05-07,no,,,,2,no_mrgscpot
2022-05-08,no,,,,2,no_mrgscpot
2022-05-09,no,,,,2,no_mrgscpot
2022-05-10,no,,,,2,no_mrgscpot
2022-05-11,no,,,,2,no_mrgscpot
2022-05-12,no,,,,2,no_mrgscpot
2022-05-13,no,,,,2,no_mrgscpot
2022-05-14,no,,,,2,no_mrgscpot
2022-05-15,no,,,,2,no_mrgscpot
2022-05-16,no,,,,2,no_mrgscpot
2022-05-17,no,,,,2,no_mrgscpot
2022-05-18,no,,,,2,no_mrgscpot
2022-05-19,no,,,,2,no_mrgscpot
2022-05-20,no,,,,2,no_mrgscpot
2022-05-21,no,,,,2,no_mrgscpot
2022-05-22,no,,,,2,no_mrgscpot
2022-05-23,no,,,,2,no_mrgscpot
2022-05-24,no,,,,2,no_mrgscpot
2022-05-25,no,,,,2,no_mrgscpot
2022-05-26,no,,,,2,no_mrgscpot
2022-05-27,no,,,,2,no_mrgscpot
2022-05-28,no,,,,9,no_mrgscpot
2022-05-29,no,,,,2,no_mrgscpot
2022-05-30,no,,,,2,no_mrgscpot
2022-05-31,no,,,,2,no_mrgscpot
2022-06-01,no,,,,2,no_mrgscpot
2022-06-02,no,,,,2,no_mrgscpot
2022-06-03,no,,,,2,no_mrgscpot
2022-06-04,no,,,,2,no_mrgscpot
2022-06-05,no,,,,2,no_mrgscpot
2022-06-06,no,,,,2,no_mrgscpot
2022-06-07,no,,,,2,no_mrgscpot
2022-06-08,no,,,,2,no_mrgscpot
2022-06-09,no,,,,2,no_mrgscpot
2022-06-10,no,,,,2,no_mrgscpot
2022-06-11,no,,,,2,no_mrgscpot
2022-06-12,no,,,,2,no_mrgscpot
2022-06-13,no,,,,2,no_mrgscpot
2022-06-14,no,,,,2,no_mrgscpot
2022-06-15,no,,,,2,no_mrgscpot
2022-06-16,no,,,,3,no_mrgscpot
2022-06-17,no,,,,2,no_mrgscpot
2022-06-18,no,,,,2,no_mrgscpot
2022-06-19,no,,,,2,no_mrgscpot
2022-06-20,no,,,,2,no_mrgscpot
2022-06-21,no,,,,2,no_mrgscpot
2022-06-22,no,,,,2,no_mrgscpot
2022-06-23,no,,,,2,no_mrgscpot
2022-06-24,no,,,,2,no_mrgscpot
2022-06-25,no,,,,2,no_mrgscpot
2022-06-26,no,,,,2,no_mrgscpot
2022-06-27,no,,,,2,no_mrgscpot
2022-06-28,no,,,,2,no_mrgscpot
2022-06-29,no,,,,2,no_mrgscpot
2022-06-30,no,,,,2,no_mrgscpot
2022-07-01,no,,,,9,no_mrgscpot
2022-07-02,no,,,,2,no_mrgscpot
2022-07-03,no,,,,2,no_mrgscpot
2022-07-04,no,,,,2,no_mrgscpot
2022-07-05,no,,,,2,no_mrgscpot
2022-07-06,no,,,,2,no_mrgscpot
2022-07-07,no,,,,2,no_mrgscpot
2022-07-08,no,,,,2,no_mrgscpot
2022-07-09,no,,,,2,no_mrgscpot
2022-07-10,no,,,,2,no_mrgscpot
2022-07-11,no,,,,2,no_mrgscpot
2022-07-12,no,,,,2,no_mrgscpot
2022-07-13,no,,,,2,no_mrgscpot
2022-07-14,no,,,,2,no_mrgscpot
2022-07-15,no,,,,2,no_mrgscpot
2022-07-16,no,,,,2,no_mrgscpot
2022-07-17,no,,,,2,no_mrgscpot
2022-07-18,no,,,,2,no_mrgscpot
2022-07-19,no,,,,2,no_mrgscpot
2022-07-20,no,,,,2,no_mrgscpot
2022-07-21,no,,,,2,no_mrgscpot
2022-07-22,no,,,,2,no_mrgscpot
2022-07-23,no,,,,2,no_mrgscpot
2022-07-24,no,,,,2,no_mrgscpot
2022-07-25,no,,,,2,no_mrgscpot
2022-07-26,no,,,,2,no_mrgscpot
2022-07-27,no,,,,2,no_mrgscpot
2022-07-28,no,,,,2,no_mrgscpot
2022-07-29,no,,,,2,no_mrgscpot
2022-07-30,no,,,,2,no_mrgscpot
2022-07-31,no,,,,2,no_mrgscpot
2022-08-01,no,,,,9,no_mrgscpot
2022-08-02,no,,,,2,no_mrgscpot
2022-08-03,no,,,,2,no_mrgscpot
2022-08-04,no,,,,2,no_mrgscpot
2022-08-05,no,,,,2,no_mrgscpot
2022-08-06,no,,,,2,no_mrgscpot
2022-08-07,no,,,,2,no_mrgscpot
2022-08-08,no,,,,2,no_mrgscpot
2022-08-09,no,,,,2,no_mrgscpot
2022-08-10,no,,,,2,no_mrgscpot
2022-08-11,no,,,,2,no_mrgscpot
2022-08-12,no,,,,2,no_mrgscpot
2022-08-13,no,,,,2,no_mrgscpot
2022-08-14,no,,,,2,no_mrgscpot
2022-08-15,no,,,,2,no_mrgscpot
2022-08-16,no,,,,2,no_mrgscpot
2022-08-17,no,,,,2,no_mrgscpot
2022-08-18,no,,,,2,no_mrgscpot
2022-08-19,no,,,,2,no_mrgscpot
2022-08-20,no,,,,2,no_mrgscpot
2022-08-21,no,,,,2,no_mrgscpot
2022-08-22,no,,,,2,no_mrgscpot
2022-08-23,no,,,,2,no_mrgscpot
2022-08-24,no,,,,2,no_mrgscpot
2022-08-25,no,,,,2,no_mrgscpot
2022-08-26,no,,,,2,no_mrgscpot
2022-08-27,no,,,,2,no_mrgscpot
2022-08-28,no,,,,2,no_mrgscpot
2022-08-29,no,,,,2,no_mrgscpot
2022-08-30,no,,,,2,no_mrgscpot
2022-08-31,no,,,,2,no_mrgscpot
2022-09-01,no,,,,2,no_mrgscpot
2022-09-02,no,,,,9,no_mrgscpot
2022-09-03,no,,,,2,no_mrgscpot
2022-09-04,no,,,,2,no_mrgscpot
2022-09-05,no,,,,2,no_mrgscpot
2022-09-06,no,,,,2,no_mrgscpot
2022-09-07,no,,,,2,no_mrgscpot
2022-09-08,no,,,,2,no_mrgscpot
2022-09-09,no,,,,2,no_mrgscpot
2022-09-10,no,,,,2,no_mrgscpot
2022-09-11,no,,,,2,no_mrgscpot
2022-09-12,no,,,,2,no_mrgscpot
2022-09-13,no,,,,2,no_mrgscpot
2022-09-14,no,,,,2,no_mrgscpot
2022-09-15,no,,,,2,no_mrgscpot
2022-09-16,no,,,,2,no_mrgscpot
2022-09-17,no,,,,2,no_mrgscpot
2022-09-18,no,,,,2,no_mrgscpot
2022-09-19,no,,,,2,no_mrgscpot
2022-09-20,no,,,,2,no_mrgscpot
2022-09-21,no,,,,2,no_mrgscpot
2022-09-22,no,,,,2,no_mrgscpot
2022-09-23,no,,,,2,no_mrgscpot
2022-09-24,no,,,,2,no_mrgscpot
2022-09-25,no,,,,2,no_mrgscpot
2022-09-26,no,,,,2,no_mrgscpot
2022-09-27,no,,,,2,no_mrgscpot
2022-09-28,no,,,,2,no_mrgscpot
2022-09-29,no,,,,2,no_mrgscpot
2022-09-30,no,,,,2,no_mrgscpot
2022-10-01,no,,,,2,no_mrgscpot
2022-10-02,no,,,,2,no_mrgscpot
2022-10-03,no,,,,9,no_mrgscpot
2022-10-04,no,,,,2,no_mrgscpot
2022-10-05,no,,,,2,no_mrgscpot
2022-10-06,no,,,,2,no_mrgscpot
2022-10-07,no,,,,2,no_mrgscpot
2022-10-08,no,,,,2,no_mrgscpot
2022-10-09,no,,,,2,no_mrgscpot
2022-10-10,no,,,,2,no_mrgscpot
2022-10-11,no,,,,2,no_mrgscpot
2022-10-12,no,,,,2,no_mrgscpot
2022-10-13,no,,,,2,no_mrgscpot
2022-10-14,no,,,,2,no_mrgscpot
2022-10-15,no,,,,2,no_mrgscpot
2022-10-16,no,,,,2,no_mrgscpot
2022-10-17,no,,,,2,no_mrgscpot
2022-10-18,no,,,,2,no_mrgscpot
2022-10-19,no,,,,2,no_mrgscpot
2022-10-20,no,,,,2,no_mrgscpot
2022-10-21,no,,,,2,no_mrgscpot
2022-10-22,no,,,,2,no_mrgscpot
2022-10-23,no,,,,2,no_mrgscpot
2022-10-24,no,,,,2,no_mrgscpot
2022-10-25,no,,,,2,no_mrgscpot
2022-10-26,no,,,,2,no_mrgscpot
2022-10-27,no,,,,3,no_mrgscpot
2022-10-28,no,,,,9,no_mrgscpot
2022-10-29,no,,,,9,no_mrgscpot
2022-10-30,no,,,,9,no_mrgscpot
2022-10-31,no,,,,9,no_mrgscpot
2022-11-01,no,,,,9,no_mrgscpot
2022-11-02,no,,,,9,no_mrgscpot
2022-11-03,no,,,,9,no_mrgscpot
2022-11-04,no,,,,2,no_mrgscpot
2022-11-05,no,,,,2,no_mrgscpot
2022-11-06,no,,,,2,no_mrgscpot
2022-11-07,no,,,,2,no_mrgscpot
2022-11-08,no,,,,2,no_mrgscpot
2022-11-09,no,,,,2,no_mrgscpot
2022-11-10,no,,,,2,no_mrgscpot
2022-11-11,no,,,,2,no_mrgscpot
2022-11-12,no,,,,2,no_mrgscpot
2022-11-13,no,,,,2,no_mrgscpot
2022-11-14,no,,,,2,no_mrgscpot
2022-11-15,no,,,,2,no_mrgscpot
2022-11-16,no,,,,2,no_mrgscpot
2022-11-17,no,,,,2,no_mrgscpot
2022-11-18,no,,,,2,no_mrgscpot
2022-11-19,no,,,,2,no_mrgscpot
2022-11-20,no,,,,2,no_mrgscpot
2022-11-21,no,,,,2,no_mrgscpot
2022-11-22,no,,,,2,no_mrgscpot
2022-11-23,no,,,,2,no_mrgscpot
2022-11-24,no,,,,2,no_mrgscpot
2022-11-25,no,,,,2,no_mrgscpot
2022-11-26,no,,,,2,no_mrgscpot
2022-11-27,no,,,,2,no_mrgscpot
2022-11-28,no,,,,2,no_mrgscpot
2022-11-29,no,,,,2,no_mrgscpot
2022-11-30,no,,,,2,no_mrgscpot
2022-12-01,no,,,,2,no_mrgscpot
2022-12-02,no,,,,2,no_mrgscpot
2022-12-03,no,,,,2,no_mrgscpot
2022-12-04,no,,,,2,no_mrgscpot
2022-12-05,no,,,,2,no_mrgscpot
2022-12-06,no,,,,2,no_mrgscpot
2022-12-07,no,,,,2,no_mrgscpot
2022-12-08,no,,,,2,no_mrgscpot
2022-12-09,no,,,,2,no_mrgscpot
2022-12-10,no,,,,2,no_mrgscpot
2022-12-11,no,,,,2,no_mrgscpot
2022-12-12,no,,,,2,no_mrgscpot
2022-12-13,no,,,,2,no_mrgscpot
2022-12-14,no,,,,2,no_mrgscpot
2022-12-15,no,,,,2,no_mrgscpot
2022-12-16,no,,,,2,no_mrgscpot
2022-12-17,no,,,,2,no_mrgscpot
2022-12-18,no,,,,2,no_mrgscpot
2022-12-19,no,,,,2,no_mrgscpot
2022-12-20,no,,,,2,no_mrgscpot
2022-12-21,no,,,,2,no_mrgscpot
2022-12-22,no,,,,2,no_mrgscpot
2022-12-23,no,,,,2,no_mrgscpot
2022-12-24,no,,,,2,no_mrgscpot
2022-12-25,no,,,,2,no_mrgscpot
2022-12-26,no,,,,2,no_mrgscpot
2022-12-27,no,,,,2,no_mrgscpot
2022-12-28,no,,,,2,no_mrgscpot
2022-12-29,no,,,,2,no_mrgscpot
2022-12-30,no,,,,2,no_mrgscpot
2022-12-31,no,,,,2,no_mrgscpot
2023-01-01,no,,,,2,no_mrgscpot
2023-01-02,no,,,,2,no_mrgscpot
2023-01-03,no,,,,2,no_mrgscpot
2023-01-04,no,,,,2,no_mrgscpot
2023-01-05,no,,,,2,no_mrgscpot
2023-01-06,no,,,,2,no_mrgscpot
2023-01-07,no,,,,2,no_mrgscpot
2023-01-08,no,,,,2,no_mrgscpot
2023-01-09,no,,,,2,no_mrgscpot
2023-01-10,no,,,,2,no_mrgscpot
2023-01-11,no,,,,2,no_mrgscpot
2023-01-12,no,,,,2,no_mrgscpot
2023-01-13,no,,,,2,no_mrgscpot
2023-01-14,no,,,,2,no_mrgscpot
2023-01-15,no,,,,2,no_mrgscpot
2023-01-16,no,,,,2,no_mrgscpot
2023-01-17,no,,,,2,no_mrgscpot
2023-01-18,no,,,,2,no_mrgscpot
2023-01-19,no,,,,2,no_mrgscpot
2023-01-20,no,,,,2,no_mrgscpot
2023-01-21,no,,,,2,no_mrgscpot
2023-01-22,no,,,,2,no_mrgscpot
2023-01-23,no,,,,2,no_mrgscpot
2023-01-24,no,,,,2,no_mrgscpot
2023-01-25,no,,,,2,no_mrgscpot
2023-01-26,no,,,,2,no_mrgscpot
2023-01-27,no,,,,2,no_mrgscpot
2023-01-28,no,,,,2,no_mrgscpot
2023-01-29,no,,,,2,no_mrgscpot
2023-01-30,no,,,,2,no_mrgscpot
2023-01-31,no,,,,2,no_mrgscpot
2023-02-01,no,,,,2,no_mrgscpot
2023-02-02,no,,,,2,no_mrgscpot
2023-02-03,no,,,,2,no_mrgscpot
2023-02-04,no,,,,2,no_mrgscpot
2023-02-05,no,,,,2,no_mrgscpot
2023-02-06,no,,,,2,no_mrgscpot
2023-02-07,no,,,,2,no_mrgscpot
2023-02-08,no,,,,2,no_mrgscpot
2023-02-09,no,,,,2,no_mrgscpot
2023-02-10,no,,,,2,no_mrgscpot
2023-02-11,no,,,,2,no_mrgscpot
2023-02-12,no,,,,2,no_mrgscpot
2023-02-13,no,,,,2,no_mrgscpot
2023-02-14,no,,,,2,no_mrgscpot
2023-02-15,no,,,,2,no_mrgscpot
2023-02-16,no,,,,0,no_mrgscpot
2023-02-17,no,,,,0,no_mrgscpot
2023-02-18,no,,,,0,no_mrgscpot
2023-02-19,no,,,,0,no_mrgscpot
2023-02-20,no,,,,0,no_mrgscpot
2023-02-21,no,,,,9,no_mrgscpot
2023-02-22,no,,,,2,no_mrgscpot
2023-02-23,no,,,,2,no_mrgscpot
2023-02-24,no,,,,2,no_mrgscpot
2023-02-25,no,,,,2,no_mrgscpot
2023-02-26,no,,,,2,no_mrgscpot
2023-02-27,no,,,,2,no_mrgscpot
2023-02-28,no,,,,2,no_mrgscpot
2023-03-01,no,,,,2,no_mrgscpot
2023-03-02,no,,,,2,no_mrgscpot
2023-03-03,no,,,,2,no_mrgscpot
2023-03-04,no,,,,2,no_mrgscpot
2023-03-05,no,,,,2,no_mrgscpot
2023-03-06,no,,,,2,no_mrgscpot
2023-03-07,no,,,,2,no_mrgscpot
2023-03-08,no,,,,2,no_mrgscpot
2023-03-09,no,,,,2,no_mrgscpot
2023-03-10,no,,,,2,no_mrgscpot
2023-03-11,no,,,,2,no_mrgscpot
2023-03-12,no,,,,2,no_mrgscpot
2023-03-13,no,,,,2,no_mrgscpot
2023-03-14,no,,,,2,no_mrgscpot
2023-03-15,no,,,,2,no_mrgscpot
2023-03-16,no,,,,2,no_mrgscpot
2023-03-17,no,,,,2,no_mrgscpot
2023-03-18,no,,,,2,no_mrgscpot
2023-03-19,no,,,,2,no_mrgscpot
2023-03-20,no,,,,2,no_mrgscpot
2023-03-21,no,,,,2,no_mrgscpot
2023-03-22,no,,,,2,no_mrgscpot
2023-03-23,no,,,,2,no_mrgscpot
2023-03-24,no,,,,2,no_mrgscpot
2023-03-25,no,,,,2,no_mrgscpot
2023-03-26,no,,,,2,no_mrgscpot
2023-03-27,no,,,,2,no_mrgscpot
2023-03-28,no,,,,2,no_mrgscpot
2023-03-29,no,,,,2,no_mrgscpot
2023-03-30,no,,,,2,no_mrgscpot
2023-03-31,no,,,,2,no_mrgscpot
2023-04-01,no,,,,2,no_mrgscpot
2023-04-02,no,,,,2,no_mrgscpot
2023-04-03,no,,,,2,no_mrgscpot
2023-04-04,no,,,,2,no_mrgscpot
2023-04-05,no,,,,2,no_mrgscpot
2023-04-06,no,,,,2,no_mrgscpot
2023-04-07,no,,,,2,no_mrgscpot
2023-04-08,no,,,,2,no_mrgscpot
2023-04-09,no,,,,2,no_mrgscpot
2023-04-10,no,,,,2,no_mrgscpot
2023-04-11,no,,,,2,no_mrgscpot
2023-04-12,no,,,,2,no_mrgscpot
2023-04-13,no,,,,2,no_mrgscpot
2023-04-14,no,,,,2,no_mrgscpot
2023-04-15,no,,,,2,no_mrgscpot
2023-04-16,no,,,,2,no_mrgscpot
2023-04-17,no,,,,2,no_mrgscpot
2023-04-18,no,,,,2,no_mrgscpot
2023-04-19,no,,,,2,no_mrgscpot
2023-04-20,no,,,,2,no_mrgscpot
2023-04-21,no,,,,2,no_mrgscpot
2023-04-22,no,,,,2,no_mrgscpot
2023-04-23,no,,,,2,no_mrgscpot
2023-04-24,no,,,,2,no_mrgscpot
2023-04-25,no,,,,2,no_mrgscpot
2023-04-26,no,,,,2,no_mrgscpot
2023-04-27,no,,,,2,no_mrgscpot
2023-04-28,no,,,,2,no_mrgscpot
2023-04-29,no,,,,2,no_mrgscpot
2023-04-30,no,,,,2,no_mrgscpot
2023-05-01,no,,,,2,no_mrgscpot
2023-05-02,no,,,,2,no_mrgscpot
2023-05-03,no,,,,2,no_mrgscpot
2023-05-04,no,,,,2,no_mrgscpot
2023-05-05,no,,,,2,no_mrgscpot
2023-05-06,no,,,,2,no_mrgscpot
2023-05-07,no,,,,2,no_mrgscpot
2023-05-08,no,,,,2,no_mrgscpot
2023-05-09,no,,,,2,no_mrgscpot
2023-05-10,no,,,,2,no_mrgscpot
2023-05-11,no,,,,2,no_mrgscpot
2023-05-12,no,,,,2,no_mrgscpot
2023-05-13,no,,,,2,no_mrgscpot
2023-05-14,no,,,,2,no_mrgscpot
2023-05-15,no,,,,2,no_mrgscpot
2023-05-16,no,,,,2,no_mrgscpot
2023-05-17,no,,,,2,no_mrgscpot
2023-05-18,no,,,,2,no_mrgscpot
2023-05-19,no,,,,2,no_mrgscpot
2023-05-20,no,,,,2,no_mrgscpot
2023-05-21,no,,,,2,no_mrgscpot
2023-05-22,no,,,,2,no_mrgscpot
2023-05-23,no,,,,2,no_mrgscpot
2023-05-24,no,,,,2,no_mrgscpot
2023-05-25,no,,,,2,no_mrgscpot
2023-05-26,no,,,,2,no_mrgscpot
2023-05-27,no,,,,2,no_mrgscpot
2023-05-28,no,,,,2,no_mrgscpot
2023-05-29,no,,,,2,no_mrgscpot
2023-05-30,no,,,,2,no_mrgscpot
2023-05-31,no,,,,2,no_mrgscpot
2023-06-01,no,,,,2,no_mrgscpot
2023-06-02,no,,,,2,no_mrgscpot
2023-06-03,no,,,,2,no_mrgscpot
2023-06-04,no,,,,2,no_mrgscpot
2023-06-05,no,,,,2,no_mrgscpot
2023-06-06,no,,,,2,no_mrgscpot
2023-06-07,no,,,,2,no_mrgscpot
2023-06-08,no,,,,2,no_mrgscpot
2023-06-09,no,,,,2,no_mrgscpot
2023-06-10,no,,,,2,no_mrgscpot
2023-06-11,no,,,,2,no_mrgscpot
2023-06-12,no,,,,2,no_mrgscpot
2023-06-13,no,,,,2,no_mrgscpot
2023-06-14,no,,,,2,no_mrgscpot
2023-06-15,no,,,,2,no_mrgscpot
2023-06-16,no,,,,2,no_mrgscpot
2023-06-17,no,,,,2,no_mrgscpot
2023-06-18,no,,,,2,no_mrgscpot
2023-06-19,no,,,,2,no_mrgscpot
2023-06-20,no,,,,2,no_mrgscpot
2023-06-21,no,,,,2,no_mrgscpot
2023-06-22,no,,,,2,no_mrgscpot
2023-06-23,no,,,,2,no_mrgscpot
2023-06-24,no,,,,2,no_mrgscpot
2023-06-25,no,,,,2,no_mrgscpot
2023-06-26,no,,,,2,no_mrgscpot
2023-06-27,no,,,,2,no_mrgscpot
2023-06-28,no,,,,2,no_mrgscpot
2023-06-29,no,,,,2,no_mrgscpot
2023-06-30,no,,,,2,no_mrgscpot
2023-07-01,no,,,,2,no_mrgscpot
2023-07-02,no,,,,2,no_mrgscpot
2023-07-03,no,,,,2,no_mrgscpot
2023-07-04,no,,,,2,no_mrgscpot
2023-07-05,no,,,,2,no_mrgscpot
2023-07-06,no,,,,2,no_mrgscpot
2023-07-07,no,,,,2,no_mrgscpot
2023-07-08,no,,,,2,no_mrgscpot
2023-07-09,no,,,,2,no_mrgscpot
2023-07-10,no,,,,2,no_mrgscpot
2023-07-11,no,,,,2,no_mrgscpot
2023-07-12,no,,,,2,no_mrgscpot
2023-07-13,no,,,,2,no_mrgscpot
2023-07-14,no,,,,2,no_mrgscpot
2023-07-15,no,,,,2,no_mrgscpot
2023-07-16,no,,,,2,no_mrgscpot
2023-07-17,no,,,,2,no_mrgscpot
2023-07-18,no,,,,2,no_mrgscpot
2023-07-19,no,,,,2,no_mrgscpot
2023-07-20,no,,,,2,no_mrgscpot
2023-07-21,no,,,,2,no_mrgscpot
2023-07-22,no,,,,2,no_mrgscpot
2023-07-23,no,,,,2,no_mrgscpot
2023-07-24,no,,,,2,no_mrgscpot
2023-07-25,no,,,,2,no_mrgscpot
2023-07-26,no,,,,2,no_mrgscpot
2023-07-27,no,,,,2,no_mrgscpot
2023-07-28,no,,,,2,no_mrgscpot
2023-07-29,no,,,,2,no_mrgscpot
2023-07-30,no,,,,2,no_mrgscpot
2023-07-31,no,,,,2,no_mrgscpot
2023-08-01,no,,,,2,no_mrgscpot
2023-08-02,no,,,,2,no_mrgscpot
2023-08-03,no,,,,2,no_mrgscpot
2023-08-04,no,,,,2,no_mrgscpot
2023-08-05,no,,,,2,no_mrgscpot
2023-08-06,no,,,,2,no_mrgscpot
2023-08-07,no,,,,2,no_mrgscpot
2023-08-08,no,,,,2,no_mrgscpot
2023-08-09,no,,,,2,no_mrgscpot
2023-08-10,no,,,,2,no_mrgscpot
2023-08-11,no,,,,2,no_mrgscpot
2023-08-12,no,,,,2,no_mrgscpot
2023-08-13,no,,,,2,no_mrgscpot
2023-08-14,no,,,,2,no_mrgscpot
2023-08-15,no,,,,2,no_mrgscpot
2023-08-16,no,,,,2,no_mrgscpot
2023-08-17,no,,,,2,no_mrgscpot
2023-08-18,no,,,,2,no_mrgscpot
2023-08-19,no,,,,2,no_mrgscpot
2023-08-20,no,,,,2,no_mrgscpot
2023-08-21,no,,,,2,no_mrgscpot
2023-08-22,no,,,,2,no_mrgscpot
2023-08-23,no,,,,2,no_mrgscpot
2023-08-24,no,,,,2,no_mrgscpot
2023-08-25,no,,,,2,no_mrgscpot
2023-08-26,no,,,,2,no_mrgscpot
2023-08-27,no,,,,2,no_mrgscpot
2023-08-28,no,,,,2,no_mrgscpot
2023-08-29,no,,,,2,no_mrgscpot
2023-08-30,no,,,,2,no_mrgscpot
2023-08-31,no,,,,2,no_mrgscpot
2023-09-01,no,,,,9,no_mrgscpot
2023-09-02,no,,,,2,no_mrgscpot
2023-09-03,no,,,,2,no_mrgscpot
2023-09-04,no,,,,2,no_mrgscpot
2023-09-05,no,,,,2,no_mrgscpot
2023-09-06,no,,,,2,no_mrgscpot
2023-09-07,no,,,,2,no_mrgscpot
2023-09-08,no,,,,2,no_mrgscpot
2023-09-09,no,,,,2,no_mrgscpot
2023-09-10,no,,,,2,no_mrgscpot
2023-09-11,no,,,,2,no_mrgscpot
2023-09-12,no,,,,2,no_mrgscpot
2023-09-13,no,,,,2,no_mrgscpot
2023-09-14,no,,,,2,no_mrgscpot
2023-09-15,no,,,,2,no_mrgscpot
2023-09-16,no,,,,2,no_mrgscpot
2023-09-17,no,,,,2,no_mrgscpot
2023-09-18,no,,,,2,no_mrgscpot
2023-09-19,no,,,,2,no_mrgscpot
2023-09-20,no,,,,2,no_mrgscpot
2023-09-21,no,,,,2,no_mrgscpot
2023-09-22,no,,,,2,no_mrgscpot
2023-09-23,no,,,,2,no_mrgscpot
2023-09-24,no,,,,2,no_mrgscpot
2023-09-25,no,,,,2,no_mrgscpot
2023-09-26,no,,,,2,no_mrgscpot
2023-09-27,no,,,,2,no_mrgscpot
2023-09-28,no,,,,2,no_mrgscpot
2023-09-29,no,,,,2,no_mrgscpot
2023-09-30,no,,,,2,no_mrgscpot
2023-10-01,no,,,,9,no_mrgscpot
2023-10-02,no,,,,2,no_mrgscpot
2023-10-03,no,,,,2,no_mrgscpot
2023-10-04,no,,,,2,no_mrgscpot
2023-10-05,no,,,,2,no_mrgscpot
2023-10-06,no,,,,2,no_mrgscpot
2023-10-07,no,,,,2,no_mrgscpot
2023-10-08,no,,,,2,no_mrgscpot
2023-10-09,no,,,,2,no_mrgscpot
2023-10-10,no,,,,2,no_mrgscpot
2023-10-11,no,,,,2,no_mrgscpot
2023-10-12,no,,,,2,no_mrgscpot
2023-10-13,no,,,,2,no_mrgscpot
2023-10-14,no,,,,2,no_mrgscpot
2023-10-15,no,,,,2,no_mrgscpot
2023-10-16,no,,,,2,no_mrgscpot
2023-10-17,no,,,,2,no_mrgscpot
2023-10-18,no,,,,2,no_mrgscpot
2023-10-19,no,,,,2,no_mrgscpot
2023-10-20,no,,,,2,no_mrgscpot
2023-10-21,no,,,,2,no_mrgscpot
2023-10-22,no,,,,2,no_mrgscpot
2023-10-23,no,,,,2,no_mrgscpot
2023-10-24,no,,,,2,no_mrgscpot
2023-10-25,no,,,,2,no_mrgscpot
2023-10-26,no,,,,2,no_mrgscpot
2023-10-27,no,,,,2,no_mrgscpot
2023-10-28,no,,,,2,no_mrgscpot
2023-10-29,no,,,,2,no_mrgscpot
2023-10-30,no,,,,2,no_mrgscpot
2023-10-31,no,,,,2,no_mrgscpot
2023-11-01,no,,,,9,no_mrgscpot
2023-11-02,no,,,,2,no_mrgscpot
2023-11-03,no,,,,2,no_mrgscpot
2023-11-04,no,,,,2,no_mrgscpot
2023-11-05,no,,,,2,no_mrgscpot
2023-11-06,no,,,,2,no_mrgscpot
2023-11-07,no,,,,2,no_mrgscpot
2023-11-08,no,,,,2,no_mrgscpot
2023-11-09,no,,,,2,no_mrgscpot
2023-11-10,no,,,,2,no_mrgscpot
2023-11-11,no,,,,2,no_mrgscpot
2023-11-12,no,,,,2,no_mrgscpot
2023-11-13,no,,,,2,no_mrgscpot
2023-11-14,no,,,,2,no_mrgscpot
2023-11-15,no,,,,2,no_mrgscpot
2023-11-16,no,,,,2,no_mrgscpot
2023-11-17,no,,,,2,no_mrgscpot
2023-11-18,no,,,,2,no_mrgscpot
2023-11-19,no,,,,2,no_mrgscpot
2023-11-20,no,,,,2,no_mrgscpot
2023-11-21,no,,,,2,no_mrgscpot
2023-11-22,no,,,,2,no_mrgscpot
2023-11-23,no,,,,2,no_mrgscpot
2023-11-24,no,,,,2,no_mrgscpot
2023-11-25,no,,,,2,no_mrgscpot
2023-11-26,no,,,,2,no_mrgscpot
2023-11-27,no,,,,2,no_mrgscpot
2023-11-28,no,,,,2,no_mrgscpot
2023-11-29,no,,,,2,no_mrgscpot
2023-11-30,no,,,,2,no_mrgscpot
2023-12-01,no,,,,2,no_mrgscpot
2023-12-02,no,,,,9,no_mrgscpot
2023-12-03,no,,,,2,no_mrgscpot
2023-12-04,no,,,,2,no_mrgscpot
2023-12-05,no,,,,2,no_mrgscpot
2023-12-06,no,,,,2,no_mrgscpot
2023-12-07,no,,,,2,no_mrgscpot
2023-12-08,no,,,,2,no_mrgscpot
2023-12-09,no,,,,2,no_mrgscpot
2023-12-10,no,,,,2,no_mrgscpot
2023-12-11,no,,,,2,no_mrgscpot
2023-12-12,no,,,,2,no_mrgscpot
2023-12-13,no,,,,9,no_mrgscpot
2023-12-14,no,,,,9,no_mrgscpot
2023-12-15,no,,,,9,no_mrgscpot
2023-12-16,no,,,,9,no_mrgscpot
2023-12-17,no,,,,9,no_mrgscpot
2023-12-18,no,,,,9,no_mrgscpot
2023-12-19,no,,,,9,no_mrgscpot
2023-12-20,no,,,,9,no_mrgscpot
2023-12-21,no,,,,9,no_mrgscpot
2023-12-22,no,,,,9,no_mrgscpot
2023-12-23,no,,,,9,no_mrgscpot
2023-12-24,no,,,,9,no_mrgscpot
2023-12-25,no,,,,9,no_mrgscpot
2023-12-26,no,,,,9,no_mrgscpot
2023-12-27,no,,,,2,no_mrgscpot
2023-12-28,no,,,,9,no_mrgscpot
2023-12-29,no,,,,2,no_mrgscpot
2023-12-30,no,,,,2,no_mrgscpot
2023-12-31,no,,,,2,no_mrgscpot
2024-01-01,no,,,,9,no_mrgscpot
2024-01-02,no,,,,2,no_mrgscpot
2024-01-03,no,,,,2,no_mrgscpot
2024-01-04,no,,,,2,no_mrgscpot
2024-01-05,no,,,,2,no_mrgscpot
2024-01-06,no,,,,2,no_mrgscpot
2024-01-07,no,,,,2,no_mrgscpot
2024-01-08,no,,,,2,no_mrgscpot
2024-01-09,no,,,,2,no_mrgscpot
2024-01-10,no,,,,2,no_mrgscpot
2024-01-11,no,,,,2,no_mrgscpot
2024-01-12,no,,,,2,no_mrgscpot
2024-01-13,no,,,,2,no_mrgscpot
2024-01-14,no,,,,2,no_mrgscpot
2024-01-15,no,,,,2,no_mrgscpot
2024-01-16,no,,,,2,no_mrgscpot
2024-01-17,no,,,,2,no_mrgscpot
2024-01-18,no,,,,2,no_mrgscpot
2024-01-19,no,,,,2,no_mrgscpot
2024-01-20,no,,,,2,no_mrgscpot
2024-01-21,no,,,,2,no_mrgscpot
2024-01-22,no,,,,2,no_mrgscpot
2024-01-23,no,,,,2,no_mrgscpot
2024-01-24,no,,,,2,no_mrgscpot
2024-01-25,no,,,,2,no_mrgscpot
2024-01-26,no,,,,2,no_mrgscpot
2024-01-27,no,,,,2,no_mrgscpot
2024-01-28,no,,,,2,no_mrgscpot
2024-01-29,no,,,,2,no_mrgscpot
2024-01-30,no,,,,2,no_mrgscpot
2024-01-31,no,,,,2,no_mrgscpot
2024-02-01,no,,,,9,no_mrgscpot
2024-02-02,no,,,,2,no_mrgscpot
2024-02-03,no,,,,2,no_mrgscpot
2024-02-04,no,,,,2,no_mrgscpot
2024-02-05,no,,,,2,no_mrgscpot
2024-02-06,no,,,,2,no_mrgscpot
2024-02-07,no,,,,2,no_mrgscpot
2024-02-08,no,,,,2,no_mrgscpot
2024-02-09,no,,,,2,no_mrgscpot
2024-02-10,no,,,,2,no_mrgscpot
2024-02-11,no,,,,2,no_mrgscpot
2024-02-12,no,,,,2,no_mrgscpot
2024-02-13,no,,,,2,no_mrgscpot
2024-02-14,no,,,,2,no_mrgscpot
2024-02-15,no,,,,2,no_mrgscpot
2024-02-16,no,,,,2,no_mrgscpot
2024-02-17,no,,,,2,no_mrgscpot
2024-02-18,no,,,,2,no_mrgscpot
2024-02-19,no,,,,2,no_mrgscpot
2024-02-20,no,,,,2,no_mrgscpot
2024-02-21,no,,,,2,no_mrgscpot
2024-02-22,no,,,,2,no_mrgscpot
2024-02-23,no,,,,2,no_mrgscpot
2024-02-24,no,,,,2,no_mrgscpot
2024-02-25,no,,,,2,no_mrgscpot
2024-02-26,no,,,,2,no_mrgscpot
2024-02-27,no,,,,2,no_mrgscpot
2024-02-28,no,,,,2,no_mrgscpot
2024-02-29,no,,,,2,no_mrgscpot
2024-03-01,no,,,,9,no_mrgscpot
2024-03-02,no,,,,2,no_mrgscpot
2024-03-03,no,,,,2,no_mrgscpot
2024-03-04,no,,,,2,no_mrgscpot
2024-03-05,no,,,,2,no_mrgscpot
2024-03-06,no,,,,2,no_mrgscpot
2024-03-07,no,,,,2,no_mrgscpot
2024-03-08,no,,,,2,no_mrgscpot
2024-03-09,no,,,,2,no_mrgscpot
2024-03-10,no,,,,2,no_mrgscpot
2024-03-11,no,,,,2,no_mrgscpot
2024-03-12,no,,,,2,no_mrgscpot
2024-03-13,no,,,,2,no_mrgscpot
2024-03-14,no,,,,2,no_mrgscpot
2024-03-15,no,,,,2,no_mrgscpot
2024-03-16,no,,,,2,no_mrgscpot
2024-03-17,no,,,,2,no_mrgscpot
2024-03-18,no,,,,2,no_mrgscpot
2024-03-19,no,,,,2,no_mrgscpot
2024-03-20,no,,,,2,no_mrgscpot
2024-03-21,no,,,,2,no_mrgscpot
2024-03-22,no,,,,2,no_mrgscpot
2024-03-23,no,,,,2,no_mrgscpot
2024-03-24,no,,,,2,no_mrgscpot
2024-03-25,no,,,,2,no_mrgscpot
2024-03-26,no,,,,2,no_mrgscpot
2024-03-27,no,,,,2,no_mrgscpot
2024-03-28,no,,,,2,no_mrgscpot
2024-03-29,no,,,,2,no_mrgscpot
2024-03-30,no,,,,2,no_mrgscpot
2024-03-31,no,,,,2,no_mrgscpot
2024-04-01,no,,,,9,no_mrgscpot
2024-04-02,no,,,,2,no_mrgscpot
2024-04-03,no,,,,2,no_mrgscpot
2024-04-04,no,,,,2,no_mrgscpot
2024-04-05,no,,,,2,no_mrgscpot
2024-04-06,no,,,,2,no_mrgscpot
2024-04-07,no,,,,2,no_mrgscpot
2024-04-08,no,,,,2,no_mrgscpot
2024-04-09,no,,,,2,no_mrgscpot
2024-04-10,no,,,,2,no_mrgscpot
2024-04-11,no,,,,2,no_mrgscpot
2024-04-12,no,,,,2,no_mrgscpot
2024-04-13,no,,,,2,no_mrgscpot
2024-04-14,no,,,,2,no_mrgscpot
2024-04-15,no,,,,2,no_mrgscpot
2024-04-16,no,,,,2,no_mrgscpot
2024-04-17,no,,,,2,no_mrgscpot
2024-04-18,no,,,,2,no_mrgscpot
2024-04-19,no,,,,2,no_mrgscpot
2024-04-20,no,,,,2,no_mrgscpot
2024-04-21,no,,,,2,no_mrgscpot
2024-04-22,no,,,,2,no_mrgscpot
2024-04-23,no,,,,2,no_mrgscpot
2024-04-24,no,,,,2,no_mrgscpot
2024-04-25,no,,,,2,no_mrgscpot
2024-04-26,no,,,,2,no_mrgscpot
2024-04-27,no,,,,2,no_mrgscpot
2024-04-28,no,,,,2,no_mrgscpot
2024-04-29,no,,,,2,no_mrgscpot
2024-04-30,no,,,,9,no_mrgscpot
2024-05-01,no,,,,2,no_mrgscpot
2024-05-02,no,,,,2,no_mrgscpot
2024-05-03,no,,,,2,no_mrgscpot
2024-05-04,no,,,,2,no_mrgscpot
2024-05-05,no,,,,2,no_mrgscpot
2024-05-06,no,,,,2,no_mrgscpot
2024-05-07,no,,,,2,no_mrgscpot
2024-05-08,no,,,,2,no_mrgscpot
2024-05-09,no,,,,2,no_mrgscpot
2024-05-10,no,,,,2,no_mrgscpot
2024-05-11,no,,,,2,no_mrgscpot
2024-05-12,no,,,,2,no_mrgscpot
2024-05-13,no,,,,2,no_mrgscpot
2024-05-14,no,,,,2,no_mrgscpot
2024-05-15,no,,,,2,no_mrgscpot
2024-05-16,no,,,,2,no_mrgscpot
2024-05-17,no,,,,2,no_mrgscpot
2024-05-18,no,,,,2,no_mrgscpot
2024-05-19,no,,,,2,no_mrgscpot
2024-05-20,no,,,,2,no_mrgscpot
2024-05-21,no,,,,2,no_mrgscpot
2024-05-22,no,,,,2,no_mrgscpot
2024-05-23,no,,,,2,no_mrgscpot
2024-05-24,no,,,,2,no_mrgscpot
2024-05-25,no,,,,2,no_mrgscpot
2024-05-26,no,,,,2,no_mrgscpot
2024-05-27,no,,,,2,no_mrgscpot
2024-05-28,no,,,,2,no_mrgscpot
2024-05-29,no,,,,2,no_mrgscpot
2024-05-30,no,,,,2,no_mrgscpot
2024-05-31,no,,,,2,no_mrgscpot
2024-06-01,no,,,,9,no_mrgscpot
2024-06-02,no,,,,2,no_mrgscpot
2024-06-03,no,,,,2,no_mrgscpot
2024-06-04,no,,,,2,no_mrgscpot
2024-06-05,no,,,,2,no_mrgscpot
2024-06-06,no,,,,2,no_mrgscpot
2024-06-07,no,,,,2,no_mrgscpot
2024-06-08,no,,,,2,no_mrgscpot
2024-06-09,no,,,,2,no_mrgscpot
2024-06-10,no,,,,2,no_mrgscpot
2024-06-11,no,,,,2,no_mrgscpot
2024-06-12,no,,,,2,no_mrgscpot
2024-06-13,no,,,,2,no_mrgscpot
2024-06-14,no,,,,2,no_mrgscpot
2024-06-15,no,,,,2,no_mrgscpot
2024-06-16,no,,,,2,no_mrgscpot
2024-06-17,no,,,,2,no_mrgscpot
2024-06-18,no,,,,2,no_mrgscpot
2024-06-19,no,,,,2,no_mrgscpot
2024-06-20,no,,,,2,no_mrgscpot
2024-06-21,no,,,,2,no_mrgscpot
2024-06-22,no,,,,2,no_mrgscpot
2024-06-23,no,,,,2,no_mrgscpot
2024-06-24,no,,,,2,no_mrgscpot
2024-06-25,no,,,,2,no_mrgscpot
2024-06-26,no,,,,2,no_mrgscpot
2024-06-27,no,,,,2,no_mrgscpot
2024-06-28,no,,,,2,no_mrgscpot
2024-06-29,no,,,,2,no_mrgscpot
2024-06-30,no,,,,2,no_mrgscpot
2024-07-01,no,,,,9,no_mrgscpot
2024-07-02,no,,,,2,no_mrgscpot
2024-07-03,no,,,,2,no_mrgscpot
2024-07-04,no,,,,2,no_mrgscpot
2024-07-05,no,,,,2,no_mrgscpot
2024-07-06,no,,,,2,no_mrgscpot
2024-07-07,no,,,,2,no_mrgscpot
2024-07-08,no,,,,2,no_mrgscpot
2024-07-09,no,,,,2,no_mrgscpot
2024-07-10,no,,,,2,no_mrgscpot
2024-07-11,no,,,,9,no_mrgscpot
2024-07-12,no,,,,9,no_mrgscpot
2024-07-13,no,,,,9,no_mrgscpot
2024-07-14,no,,,,9,no_mrgscpot
2024-07-15,no,,,,9,no_mrgscpot
2024-07-16,no,,,,9,no_mrgscpot
2024-07-17,no,,,,2,no_mrgscpot
2024-07-18,no,,,,2,no_mrgscpot
2024-07-19,no,,,,2,no_mrgscpot
2024-07-20,no,,,,2,no_mrgscpot
2024-07-21,no,,,,2,no_mrgscpot
2024-07-22,no,,,,2,no_mrgscpot
2024-07-23,no,,,,2,no_mrgscpot
2024-07-24,no,,,,2,no_mrgscpot
2024-07-25,no,,,,2,no_mrgscpot
2024-07-26,no,,,,2,no_mrgscpot
2024-07-27,no,,,,2,no_mrgscpot
2024-07-28,no,,,,2,no_mrgscpot
2024-07-29,no,,,,2,no_mrgscpot
2024-07-30,no,,,,2,no_mrgscpot
2024-07-31,no,,,,2,no_mrgscpot
2024-08-01,no,,,,9,no_mrgscpot
2024-08-02,no,,,,2,no_mrgscpot
2024-08-03,no,,,,2,no_mrgscpot
2024-08-04,no,,,,2,no_mrgscpot
2024-08-05,no,,,,2,no_mrgscpot
2024-08-06,no,,,,2,no_mrgscpot
2024-08-07,no,,,,2,no_mrgscpot
2024-08-08,no,,,,2,no_mrgscpot
2024-08-09,no,,,,2,no_mrgscpot
2024-08-10,no,,,,2,no_mrgscpot
2024-08-11,no,,,,2,no_mrgscpot
2024-08-12,no,,,,2,no_mrgscpot
2024-08-13,no,,,,2,no_mrgscpot
2024-08-14,no,,,,2,no_mrgscpot
2024-08-15,no,,,,2,no_mrgscpot
2024-08-16,no,,,,2,no_mrgscpot
2024-08-17,no,,,,2,no_mrgscpot
2024-08-18,no,,,,2,no_mrgscpot
2024-08-19,no,,,,2,no_mrgscpot
2024-08-20,no,,,,2,no_mrgscpot
2024-08-21,no,,,,2,no_mrgscpot
2024-08-22,no,,,,2,no_mrgscpot
2024-08-23,no,,,,2,no_mrgscpot
2024-08-24,no,,,,2,no_mrgscpot
2024-08-25,no,,,,2,no_mrgscpot
2024-08-26,no,,,,2,no_mrgscpot
2024-08-27,no,,,,2,no_mrgscpot
2024-08-28,no,,,,2,no_mrgscpot
2024-08-29,no,,,,2,no_mrgscpot
2024-08-30,no,,,,2,no_mrgscpot
2024-08-31,no,,,,2,no_mrgscpot
2024-09-01,no,,,,9,no_mrgscpot
2024-09-02,no,,,,2,no_mrgscpot
2024-09-03,no,,,,2,no_mrgscpot
2024-09-04,no,,,,2,no_mrgscpot
2024-09-05,no,,,,2,no_mrgscpot
2024-09-06,no,,,,2,no_mrgscpot
2024-09-07,no,,,,2,no_mrgscpot
2024-09-08,no,,,,2,no_mrgscpot
2024-09-09,no,,,,2,no_mrgscpot
2024-09-10,no,,,,2,no_mrgscpot
2024-09-11,no,,,,2,no_mrgscpot
2024-09-12,no,,,,2,no_mrgscpot
2024-09-13,no,,,,2,no_mrgscpot
2024-09-14,no,,,,2,no_mrgscpot
2024-09-15,no,,,,2,no_mrgscpot
2024-09-16,no,,,,2,no_mrgscpot
2024-09-17,no,,,,2,no_mrgscpot
2024-09-18,no,,,,2,no_mrgscpot
2024-09-19,no,,,,2,no_mrgscpot
2024-09-20,no,,,,2,no_mrgscpot
2024-09-21,no,,,,2,no_mrgscpot
2024-09-22,no,,,,2,no_mrgscpot
2024-09-23,no,,,,2,no_mrgscpot
2024-09-24,no,,,,2,no_mrgscpot
2024-09-25,no,,,,2,no_mrgscpot
2024-09-26,no,,,,2,no_mrgscpot
2024-09-27,no,,,,2,no_mrgscpot
2024-09-28,no,,,,2,no_mrgscpot
2024-09-29,no,,,,2,no_mrgscpot
2024-09-30,no,,,,2,no_mrgscpot
2024-10-01,no,,,,9,no_mrgscpot
2024-10-02,no,,,,2,no_mrgscpot
2024-10-03,no,,,,2,no_mrgscpot
2024-10-04,no,,,,2,no_mrgscpot
2024-10-05,no,,,,2,no_mrgscpot
2024-10-06,no,,,,2,no_mrgscpot
2024-10-07,no,,,,2,no_mrgscpot
2024-10-08,no,,,,2,no_mrgscpot
2024-10-09,no,,,,2,no_mrgscpot
2024-10-10,no,,,,2,no_mrgscpot
2024-10-11,no,,,,2,no_mrgscpot
2024-10-12,no,,,,2,no_mrgscpot
2024-10-13,no,,,,2,no_mrgscpot
2024-10-14,no,,,,2,no_mrgscpot
2024-10-15,no,,,,2,no_mrgscpot
2024-10-16,no,,,,2,no_mrgscpot
2024-10-17,no,,,,2,no_mrgscpot
2024-10-18,no,,,,2,no_mrgscpot
2024-10-19,no,,,,2,no_mrgscpot
2024-10-20,no,,,,2,no_mrgscpot
2024-10-21,no,,,,2,no_mrgscpot
2024-10-22,no,,,,2,no_mrgscpot
2024-10-23,no,,,,2,no_mrgscpot
2024-10-24,no,,,,2,no_mrgscpot
2024-10-25,no,,,,2,no_mrgscpot
2024-10-26,no,,,,2,no_mrgscpot
2024-10-27,no,,,,2,no_mrgscpot
2024-10-28,no,,,,2,no_mrgscpot
2024-10-29,no,,,,2,no_mrgscpot
2024-10-30,no,,,,2,no_mrgscpot
2024-10-31,no,,,,2,no_mrgscpot
2024-11-01,no,,,,6,no_mrgscpot
2024-11-02,no,,,,6,no_mrgscpot
2024-11-03,no,,,,9,no_mrgscpot
2024-11-04,no,,,,9,no_mrgscpot
2024-11-05,no,,,,9,no_mrgscpot
2024-11-06,no,,,,9,no_mrgscpot
2024-11-07,no,,,,2,no_mrgscpot
2024-11-08,no,,,,2,no_mrgscpot
2024-11-09,no,,,,2,no_mrgscpot
2024-11-10,no,,,,2,no_mrgscpot
2024-11-11,no,,,,2,no_mrgscpot
2024-11-12,no,,,,2,no_mrgscpot
2024-11-13,no,,,,2,no_mrgscpot
2024-11-14,no,,,,2,no_mrgscpot
2024-11-15,no,,,,2,no_mrgscpot
2024-11-16,no,,,,2,no_mrgscpot
2024-11-17,no,,,,2,no_mrgscpot
2024-11-18,no,,,,2,no_mrgscpot
2024-11-19,no,,,,2,no_mrgscpot
2024-11-20,no,,,,2,no_mrgscpot
2024-11-21,no,,,,8,no_mrgscpot
2024-11-22,no,,,,8,no_mrgscpot
2024-11-23,no,,,,8,no_mrgscpot
2024-11-24,no,,,,8,no_mrgscpot
2024-11-25,no,,,,8,no_mrgscpot
2024-11-26,no,,,,8,no_mrgscpot
2024-11-27,no,,,,8,no_mrgscpot
2024-11-28,no,,,,8,no_mrgscpot
2024-11-29,no,,,,8,no_mrgscpot
2024-11-30,no,,,,8,no_mrgscpot
2024-12-01,no,,,,9,no_mrgscpot
2024-12-02,no,,,,8,no_mrgscpot
2024-12-03,no,,,,8,no_mrgscpot
2024-12-04,no,,,,8,no_mrgscpot
2024-12-05,no,,,,8,no_mrgscpot
2024-12-06,no,,,,8,no_mrgscpot
2024-12-07,no,,,,8,no_mrgscpot
2024-12-08,no,,,,8,no_mrgscpot
2024-12-09,no,,,,8,no_mrgscpot
2024-12-10,no,,,,8,no_mrgscpot
2024-12-11,no,,,,8,no_mrgscpot
2024-12-12,no,,,,8,no_mrgscpot
2024-12-13,no,,,,8,no_mrgscpot
2024-12-14,no,,,,5,no_mrgscpot
2024-12-15,no,,,,8,no_mrgscpot
2024-12-16,no,,,,8,no_mrgscpot
2024-12-17,no,,,,8,no_mrgscpot
2024-12-18,no,,,,8,no_mrgscpot
2024-12-19,no,,,,8,no_mrgscpot
2024-12-20,no,,,,8,no_mrgscpot
2024-12-21,no,,,,5,no_mrgscpot
2024-12-22,no,,,,8,no_mrgscpot
2024-12-23,no,,,,8,no_mrgscpot
2024-12-24,no,,,,8,no_mrgscpot
2024-12-25,no,,,,8,no_mrgscpot
2024-12-26,no,,,,8,no_mrgscpot
2024-12-27,no,,,,8,no_mrgscpot
2024-12-28,no,,,,8,no_mrgscpot
2024-12-29,no,,,,8,no_mrgscpot
2024-12-30,no,,,,8,no_mrgscpot
2024-12-31,no,,,,8,no_mrgscpot
